Municipality Code,epiweek,Violencia,violencia de genero
Medellín,201752,16,0
Medellín,201801,20,32
Medellín,201802,14,0
Medellín,201803,31,22
Medellín,201804,31,2
Medellín,201805,38,0
Medellín,201806,47,19
Medellín,201807,52,24
Medellín,201808,52,38
Medellín,201809,58,20
Medellín,201810,55,66
Medellín,201811,69,38
Medellín,201812,56,22
Medellín,201813,50,1
Medellín,201814,46,1
Medellín,201815,61,35
Medellín,201816,66,42
Medellín,201817,67,31
Medellín,201818,74,19
Medellín,201819,51,49
Medellín,201820,56,24
Medellín,201821,66,67
Medellín,201822,61,53
Medellín,201823,45,21
Medellín,201824,37,76
Medellín,201825,26,1
Medellín,201826,35,0
Medellín,201827,30,1
Medellín,201828,51,24
Medellín,201829,52,0
Medellín,201830,61,33
Medellín,201831,46,2
Medellín,201832,55,0
Medellín,201833,51,52
Medellín,201834,53,0
Medellín,201835,63,18
Medellín,201836,87,72
Medellín,201837,62,0
Medellín,201838,59,22
Medellín,201839,62,35
Medellín,201840,66,94
Medellín,201841,56,63
Medellín,201842,60,1
Medellín,201843,57,1
Medellín,201844,60,0
Medellín,201845,75,26
Medellín,201846,69,64
Medellín,201847,64,44
Medellín,201848,58,99
Medellín,201849,27,3
Medellín,201850,27,1
Medellín,201851,17,0
Medellín,201852,17,1
Medellín,201901,23,39
Medellín,201902,27,71
Medellín,201903,33,0
Medellín,201904,49,19
Medellín,201905,56,25
Medellín,201906,63,40
Medellín,201907,59,0
Medellín,201908,73,44
Medellín,201909,78,1
Medellín,201910,75,30
Medellín,201911,79,99
Medellín,201912,58,48
Medellín,201913,67,44
Medellín,201914,64,22
Medellín,201915,77,19
Medellín,201916,40,1
Medellín,201917,61,26
Medellín,201918,58,0
Medellín,201919,80,44
Medellín,201920,67,40
Medellín,201921,75,54
Medellín,201922,58,26
Medellín,201923,53,27
Medellín,201924,37,0
Medellín,201925,39,0
Medellín,201926,37,36
Medellín,201927,45,1
Medellín,201928,57,28
Medellín,201929,46,32
Medellín,201930,59,0
Medellín,201931,66,1
Medellín,201932,62,1
Medellín,201933,64,25
Medellín,201934,65,2
Medellín,201935,62,21
Medellín,201936,57,22
Medellín,201937,61,48
Medellín,201938,66,61
Medellín,201939,69,38
Medellín,201940,81,20
Medellín,201941,57,38
Medellín,201942,59,1
Medellín,201943,75,25
Medellín,201944,51,16
Medellín,201945,68,48
Medellín,201946,54,26
Medellín,201947,54,1
Medellín,201948,59,26
Medellín,201949,35,43
Medellín,201950,33,0
Medellín,201951,28,2
Medellín,201952,37,20
Medellín,202001,17,1
Medellín,202002,18,61
Medellín,202003,17,19
Medellín,202004,27,83
Medellín,202005,43,16
Medellín,202006,46,0
Medellín,202007,57,0
Medellín,202008,62,45
Medellín,202009,61,0
Medellín,202010,64,38
Medellín,202011,64,29
Medellín,202012,41,34
Medellín,202013,49,33
Medellín,202014,55,49
Medellín,202015,45,31
Medellín,202016,54,22
Medellín,202017,79,50
Medellín,202018,77,50
Medellín,202019,92,62
Medellín,202020,91,49
Medellín,202021,82,14
Medellín,202022,70,37
Medellín,202023,79,55
Medellín,202024,68,29
Medellín,202025,67,40
Medellín,202026,80,13
Medellín,202027,61,37
Medellín,202028,63,44
Medellín,202029,55,30
Medellín,202030,48,1
Medellín,202031,57,31
Medellín,202032,64,39
Medellín,202033,71,57
Medellín,202034,85,50
Medellín,202035,74,31
Medellín,202036,80,31
Medellín,202037,100,66
Medellín,202038,82,44
Medellín,202039,71,34
Medellín,202040,74,33
Medellín,202041,49,44
Medellín,202042,60,38
Medellín,202043,78,31
Medellín,202044,85,41
Medellín,202045,76,80
Medellín,202046,82,93
Medellín,202047,72,36
Medellín,202048,90,82
Medellín,202049,42,51
Medellín,202050,34,20
Medellín,202051,23,0
Medellín,202052,26,1
Medellín,202053,26,48
Medellín,202101,18,1
Medellín,202102,25,0
Medellín,202103,28,15
Medellín,202104,33,0
Medellín,202105,44,1
Medellín,202106,44,17
Medellín,202107,61,19
Medellín,202108,66,1
Medellín,202109,56,38
Medellín,202110,67,41
Medellín,202111,63,28
Medellín,202112,71,20
Medellín,202113,44,0
Medellín,202114,68,46
Medellín,202115,68,39
Medellín,202116,63,23
Medellín,202117,83,60
Medellín,202118,79,65
Medellín,202119,75,0
Medellín,202120,56,32
Medellín,202121,65,35
Medellín,202122,66,0
Medellín,202123,60,0
Medellín,202124,37,25
Medellín,202125,30,45
Medellín,202126,28,15
Medellín,202127,37,0
Medellín,202128,47,16
Medellín,202129,43,27
Medellín,202130,56,25
Medellín,202131,58,17
Medellín,202132,67,29
Medellín,202133,55,38
Medellín,202134,68,34
Medellín,202135,59,50
Medellín,202136,57,43
Medellín,202137,69,27
Medellín,202138,68,82
Medellín,202139,72,0
Medellín,202140,74,15
Medellín,202141,51,21
Medellín,202142,62,79
Medellín,202143,69,32
Medellín,202144,71,0
Medellín,202145,71,0
Medellín,202146,59,34
Medellín,202147,72,29
Medellín,202148,33,29
Medellín,202149,23,1
Medellín,202150,22,30
Medellín,202151,16,63
Medellín,202152,16,0
Medellín,202201,24,19
Medellín,202202,23,2
Medellín,202203,27,20
Medellín,202204,34,39
Medellín,202205,45,21
Medellín,202206,67,34
Medellín,202207,72,45
Medellín,202208,59,48
Medellín,202209,79,35
Medellín,202210,84,30
Medellín,202211,75,29
Medellín,202212,61,54
Medellín,202213,81,34
Medellín,202214,70,33
Medellín,202215,38,20
Medellín,202216,80,49
Medellín,202217,73,51
Medellín,202218,79,45
Medellín,202219,82,57
Medellín,202220,78,50
Medellín,202221,73,44
Medellín,202222,71,55
Medellín,202223,67,13
Medellín,202224,48,11
Medellín,202225,36,1
Medellín,202226,39,21
Medellín,202227,43,34
Medellín,202228,58,44
Medellín,202229,59,30
Medellín,202230,65,20
Medellín,202231,69,20
Medellín,202232,76,0
Medellín,202233,67,55
Medellín,202234,75,45
Medellín,202235,74,31
Medellín,202236,77,71
Medellín,202237,69,65
Medellín,202238,90,70
Medellín,202239,84,80
Medellín,202240,84,34
Medellín,202241,63,46
Medellín,202242,73,32
Medellín,202243,89,100
Medellín,202244,93,36
Medellín,202245,88,70
Medellín,202246,68,82
Medellín,202247,68,92
Medellín,202248,42,18
Medellín,202249,29,41
Medellín,202250,33,1
Medellín,202251,27,38
Medellín,202252,18,21
Medellín,202301,25,0
Cali,201752,18,0
Cali,201801,22,0
Cali,201802,17,1
Cali,201803,29,13
Cali,201804,30,19
Cali,201805,36,0
Cali,201806,51,0
Cali,201807,37,14
Cali,201808,45,20
Cali,201809,53,16
Cali,201810,59,49
Cali,201811,36,1
Cali,201812,49,32
Cali,201813,32,0
Cali,201814,57,53
Cali,201815,59,30
Cali,201816,53,27
Cali,201817,55,13
Cali,201818,52,16
Cali,201819,68,29
Cali,201820,47,16
Cali,201821,64,16
Cali,201822,57,19
Cali,201823,44,1
Cali,201824,38,0
Cali,201825,33,0
Cali,201826,34,40
Cali,201827,27,15
Cali,201828,31,1
Cali,201829,25,35
Cali,201830,40,23
Cali,201831,52,16
Cali,201832,39,28
Cali,201833,54,30
Cali,201834,61,0
Cali,201835,60,50
Cali,201836,39,22
Cali,201837,54,39
Cali,201838,60,100
Cali,201839,55,73
Cali,201840,69,28
Cali,201841,47,28
Cali,201842,70,19
Cali,201843,63,36
Cali,201844,60,1
Cali,201845,71,33
Cali,201846,69,36
Cali,201847,59,17
Cali,201848,65,30
Cali,201849,31,0
Cali,201850,23,19
Cali,201851,17,0
Cali,201852,25,0
Cali,201901,22,0
Cali,201902,27,1
Cali,201903,35,15
Cali,201904,39,1
Cali,201905,40,1
Cali,201906,55,14
Cali,201907,53,50
Cali,201908,71,28
Cali,201909,50,0
Cali,201910,58,31
Cali,201911,74,30
Cali,201912,62,38
Cali,201913,61,0
Cali,201914,70,32
Cali,201915,61,25
Cali,201916,43,1
Cali,201917,70,21
Cali,201918,54,33
Cali,201919,62,47
Cali,201920,61,14
Cali,201921,47,21
Cali,201922,83,30
Cali,201923,50,12
Cali,201924,60,26
Cali,201925,50,32
Cali,201926,49,37
Cali,201927,39,33
Cali,201928,52,0
Cali,201929,30,0
Cali,201930,47,25
Cali,201931,47,40
Cali,201932,45,2
Cali,201933,65,24
Cali,201934,69,50
Cali,201935,56,15
Cali,201936,71,29
Cali,201937,72,36
Cali,201938,55,12
Cali,201939,60,49
Cali,201940,61,84
Cali,201941,51,20
Cali,201942,63,43
Cali,201943,69,51
Cali,201944,68,21
Cali,201945,64,29
Cali,201946,76,60
Cali,201947,70,20
Cali,201948,63,25
Cali,201949,42,23
Cali,201950,32,28
Cali,201951,29,0
Cali,201952,16,1
Cali,202001,26,19
Cali,202002,28,68
Cali,202003,26,0
Cali,202004,36,33
Cali,202005,41,42
Cali,202006,39,33
Cali,202007,45,32
Cali,202008,54,25
Cali,202009,61,32
Cali,202010,66,30
Cali,202011,64,1
Cali,202012,40,18
Cali,202013,51,15
Cali,202014,51,28
Cali,202015,44,38
Cali,202016,40,21
Cali,202017,85,24
Cali,202018,63,33
Cali,202019,68,27
Cali,202020,69,35
Cali,202021,70,29
Cali,202022,60,17
Cali,202023,64,18
Cali,202024,58,30
Cali,202025,55,19
Cali,202026,64,24
Cali,202027,52,36
Cali,202028,45,26
Cali,202029,51,14
Cali,202030,48,34
Cali,202031,56,21
Cali,202032,42,25
Cali,202033,49,15
Cali,202034,65,33
Cali,202035,62,42
Cali,202036,58,31
Cali,202037,80,35
Cali,202038,69,10
Cali,202039,70,0
Cali,202040,72,35
Cali,202041,60,19
Cali,202042,57,67
Cali,202043,55,25
Cali,202044,67,21
Cali,202045,56,32
Cali,202046,58,18
Cali,202047,60,57
Cali,202048,100,60
Cali,202049,41,28
Cali,202050,26,56
Cali,202051,21,14
Cali,202052,20,0
Cali,202053,11,20
Cali,202101,23,0
Cali,202102,28,69
Cali,202103,21,0
Cali,202104,36,16
Cali,202105,41,0
Cali,202106,45,12
Cali,202107,43,24
Cali,202108,56,0
Cali,202109,63,21
Cali,202110,69,70
Cali,202111,56,42
Cali,202112,64,20
Cali,202113,42,1
Cali,202114,55,40
Cali,202115,60,43
Cali,202116,66,16
Cali,202117,71,41
Cali,202118,78,38
Cali,202119,74,0
Cali,202120,63,25
Cali,202121,62,79
Cali,202122,49,27
Cali,202123,41,12
Cali,202124,36,0
Cali,202125,28,1
Cali,202126,34,16
Cali,202127,26,0
Cali,202128,34,0
Cali,202129,33,0
Cali,202130,31,0
Cali,202131,31,33
Cali,202132,48,17
Cali,202133,42,26
Cali,202134,57,0
Cali,202135,51,1
Cali,202136,60,45
Cali,202137,58,34
Cali,202138,62,25
Cali,202139,47,41
Cali,202140,63,33
Cali,202141,53,42
Cali,202142,46,26
Cali,202143,65,21
Cali,202144,64,0
Cali,202145,70,50
Cali,202146,67,31
Cali,202147,73,49
Cali,202148,27,19
Cali,202149,25,3
Cali,202150,17,12
Cali,202151,20,0
Cali,202152,16,0
Cali,202201,15,0
Cali,202202,26,15
Cali,202203,30,0
Cali,202204,38,0
Cali,202205,43,21
Cali,202206,50,18
Cali,202207,57,18
Cali,202208,64,32
Cali,202209,53,17
Cali,202210,74,27
Cali,202211,75,45
Cali,202212,65,16
Cali,202213,79,52
Cali,202214,84,39
Cali,202215,46,0
Cali,202216,69,28
Cali,202217,76,44
Cali,202218,59,43
Cali,202219,65,35
Cali,202220,71,0
Cali,202221,65,28
Cali,202222,66,0
Cali,202223,62,24
Cali,202224,58,0
Cali,202225,47,19
Cali,202226,32,1
Cali,202227,36,0
Cali,202228,33,17
Cali,202229,41,16
Cali,202230,52,0
Cali,202231,56,21
Cali,202232,64,49
Cali,202233,50,12
Cali,202234,65,33
Cali,202235,53,40
Cali,202236,60,19
Cali,202237,62,16
Cali,202238,75,31
Cali,202239,60,10
Cali,202240,58,64
Cali,202241,44,10
Cali,202242,61,46
Cali,202243,63,16
Cali,202244,67,28
Cali,202245,72,47
Cali,202246,65,63
Cali,202247,83,50
Cali,202248,37,26
Cali,202249,30,13
Cali,202250,37,33
Cali,202251,23,0
Cali,202252,18,12
Cali,202301,24,0
Soacha,201752,0,0
Soacha,201801,12,31
Soacha,201802,18,2
Soacha,201803,30,25
Soacha,201804,30,0
Soacha,201805,27,0
Soacha,201806,46,15
Soacha,201807,32,45
Soacha,201808,44,24
Soacha,201809,75,1
Soacha,201810,57,0
Soacha,201811,75,56
Soacha,201812,44,20
Soacha,201813,29,0
Soacha,201814,43,0
Soacha,201815,45,0
Soacha,201816,51,0
Soacha,201817,69,18
Soacha,201818,53,15
Soacha,201819,68,45
Soacha,201820,62,56
Soacha,201821,55,0
Soacha,201822,71,14
Soacha,201823,46,0
Soacha,201824,47,0
Soacha,201825,38,0
Soacha,201826,43,80
Soacha,201827,20,0
Soacha,201828,38,20
Soacha,201829,46,22
Soacha,201830,36,54
Soacha,201831,44,31
Soacha,201832,64,17
Soacha,201833,48,0
Soacha,201834,62,27
Soacha,201835,74,48
Soacha,201836,56,43
Soacha,201837,54,15
Soacha,201838,74,75
Soacha,201839,65,24
Soacha,201840,83,51
Soacha,201841,52,55
Soacha,201842,78,21
Soacha,201843,100,54
Soacha,201844,58,0
Soacha,201845,72,43
Soacha,201846,39,0
Soacha,201847,55,39
Soacha,201848,53,0
Soacha,201849,33,0
Soacha,201850,33,100
Soacha,201851,9,0
Soacha,201852,22,0
Soacha,201901,18,0
Soacha,201902,20,0
Soacha,201903,29,0
Soacha,201904,46,3
Soacha,201905,27,1
Soacha,201906,53,29
Soacha,201907,41,0
Soacha,201908,81,36
Soacha,201909,65,0
Soacha,201910,56,21
Soacha,201911,80,33
Soacha,201912,66,0
Soacha,201913,54,16
Soacha,201914,41,0
Soacha,201915,45,1
Soacha,201916,43,0
Soacha,201917,46,20
Soacha,201918,49,0
Soacha,201919,59,21
Soacha,201920,67,0
Soacha,201921,58,1
Soacha,201922,63,27
Soacha,201923,55,16
Soacha,201924,44,1
Soacha,201925,31,1
Soacha,201926,29,18
Soacha,201927,34,0
Soacha,201928,71,25
Soacha,201929,38,26
Soacha,201930,42,0
Soacha,201931,68,1
Soacha,201932,55,0
Soacha,201933,47,48
Soacha,201934,66,47
Soacha,201935,61,38
Soacha,201936,77,0
Soacha,201937,51,1
Soacha,201938,62,18
Soacha,201939,63,14
Soacha,201940,43,42
Soacha,201941,31,0
Soacha,201942,52,0
Soacha,201943,73,41
Soacha,201944,44,0
Soacha,201945,44,89
Soacha,201946,54,0
Soacha,201947,50,24
Soacha,201948,67,25
Soacha,201949,27,0
Soacha,201950,24,0
Soacha,201951,19,29
Soacha,201952,25,0
Soacha,202001,21,21
Soacha,202002,17,0
Soacha,202003,19,0
Soacha,202004,19,20
Soacha,202005,30,0
Soacha,202006,48,19
Soacha,202007,48,1
Soacha,202008,43,1
Soacha,202009,56,0
Soacha,202010,56,79
Soacha,202011,56,26
Soacha,202012,47,28
Soacha,202013,54,10
Soacha,202014,49,23
Soacha,202015,37,0
Soacha,202016,60,21
Soacha,202017,49,14
Soacha,202018,78,0
Soacha,202019,53,15
Soacha,202020,70,13
Soacha,202021,74,44
Soacha,202022,72,10
Soacha,202023,54,1
Soacha,202024,61,22
Soacha,202025,43,0
Soacha,202026,59,16
Soacha,202027,36,17
Soacha,202028,47,38
Soacha,202029,50,16
Soacha,202030,46,0
Soacha,202031,57,23
Soacha,202032,54,36
Soacha,202033,56,15
Soacha,202034,58,0
Soacha,202035,69,21
Soacha,202036,83,0
Soacha,202037,89,20
Soacha,202038,85,17
Soacha,202039,71,1
Soacha,202040,74,0
Soacha,202041,49,0
Soacha,202042,57,0
Soacha,202043,90,17
Soacha,202044,83,48
Soacha,202045,65,61
Soacha,202046,98,35
Soacha,202047,37,39
Soacha,202048,65,0
Soacha,202049,36,0
Soacha,202050,23,19
Soacha,202051,25,0
Soacha,202052,20,0
Soacha,202053,12,1
Soacha,202101,24,1
Soacha,202102,21,0
Soacha,202103,28,0
Soacha,202104,28,1
Soacha,202105,30,15
Soacha,202106,39,24
Soacha,202107,49,0
Soacha,202108,43,11
Soacha,202109,51,11
Soacha,202110,55,38
Soacha,202111,58,2
Soacha,202112,63,26
Soacha,202113,50,1
Soacha,202114,62,25
Soacha,202115,57,1
Soacha,202116,51,0
Soacha,202117,86,21
Soacha,202118,76,0
Soacha,202119,72,23
Soacha,202120,65,42
Soacha,202121,57,46
Soacha,202122,41,13
Soacha,202123,48,0
Soacha,202124,43,0
Soacha,202125,17,0
Soacha,202126,30,1
Soacha,202127,26,0
Soacha,202128,33,34
Soacha,202129,59,1
Soacha,202130,53,1
Soacha,202131,53,0
Soacha,202132,51,15
Soacha,202133,50,35
Soacha,202134,56,0
Soacha,202135,59,20
Soacha,202136,92,2
Soacha,202137,61,0
Soacha,202138,64,1
Soacha,202139,73,1
Soacha,202140,72,0
Soacha,202141,48,30
Soacha,202142,59,1
Soacha,202143,93,0
Soacha,202144,60,0
Soacha,202145,74,28
Soacha,202146,46,16
Soacha,202147,67,42
Soacha,202148,30,20
Soacha,202149,33,0
Soacha,202150,32,0
Soacha,202151,17,0
Soacha,202152,14,0
Soacha,202201,21,1
Soacha,202202,15,0
Soacha,202203,26,0
Soacha,202204,27,0
Soacha,202205,25,18
Soacha,202206,37,1
Soacha,202207,59,29
Soacha,202208,56,31
Soacha,202209,61,27
Soacha,202210,65,26
Soacha,202211,64,38
Soacha,202212,65,23
Soacha,202213,85,26
Soacha,202214,73,13
Soacha,202215,38,16
Soacha,202216,75,18
Soacha,202217,78,15
Soacha,202218,78,19
Soacha,202219,80,17
Soacha,202220,61,0
Soacha,202221,65,31
Soacha,202222,49,12
Soacha,202223,57,0
Soacha,202224,50,14
Soacha,202225,36,0
Soacha,202226,25,28
Soacha,202227,35,0
Soacha,202228,45,36
Soacha,202229,56,18
Soacha,202230,54,1
Soacha,202231,55,14
Soacha,202232,53,12
Soacha,202233,52,28
Soacha,202234,70,0
Soacha,202235,85,35
Soacha,202236,72,21
Soacha,202237,63,19
Soacha,202238,86,15
Soacha,202239,61,8
Soacha,202240,74,13
Soacha,202241,36,0
Soacha,202242,72,48
Soacha,202243,77,47
Soacha,202244,68,11
Soacha,202245,69,0
Soacha,202246,48,19
Soacha,202247,72,34
Soacha,202248,46,16
Soacha,202249,22,0
Soacha,202250,29,22
Soacha,202251,18,22
Soacha,202252,21,14
Soacha,202301,25,1
Villavicencio,201752,0,1
Villavicencio,201801,18,0
Villavicencio,201802,14,0
Villavicencio,201803,40,0
Villavicencio,201804,0,0
Villavicencio,201805,13,1
Villavicencio,201806,28,0
Villavicencio,201807,58,29
Villavicencio,201808,11,0
Villavicencio,201809,50,0
Villavicencio,201810,34,49
Villavicencio,201811,38,44
Villavicencio,201812,29,36
Villavicencio,201813,25,0
Villavicencio,201814,41,0
Villavicencio,201815,30,0
Villavicencio,201816,41,24
Villavicencio,201817,36,30
Villavicencio,201818,67,55
Villavicencio,201819,37,25
Villavicencio,201820,35,24
Villavicencio,201821,56,2
Villavicencio,201822,51,0
Villavicencio,201823,34,89
Villavicencio,201824,12,19
Villavicencio,201825,19,20
Villavicencio,201826,30,1
Villavicencio,201827,17,1
Villavicencio,201828,21,0
Villavicencio,201829,34,0
Villavicencio,201830,20,69
Villavicencio,201831,42,1
Villavicencio,201832,37,0
Villavicencio,201833,33,26
Villavicencio,201834,52,35
Villavicencio,201835,42,0
Villavicencio,201836,53,16
Villavicencio,201837,39,20
Villavicencio,201838,33,29
Villavicencio,201839,32,0
Villavicencio,201840,48,0
Villavicencio,201841,45,0
Villavicencio,201842,30,62
Villavicencio,201843,100,38
Villavicencio,201844,54,43
Villavicencio,201845,32,2
Villavicencio,201846,67,30
Villavicencio,201847,65,39
Villavicencio,201848,57,0
Villavicencio,201849,29,0
Villavicencio,201850,25,0
Villavicencio,201851,1,2
Villavicencio,201852,36,4
Villavicencio,201901,1,1
Villavicencio,201902,15,44
Villavicencio,201903,1,1
Villavicencio,201904,20,1
Villavicencio,201905,37,34
Villavicencio,201906,36,1
Villavicencio,201907,34,23
Villavicencio,201908,45,3
Villavicencio,201909,54,22
Villavicencio,201910,58,0
Villavicencio,201911,28,29
Villavicencio,201912,30,0
Villavicencio,201913,33,1
Villavicencio,201914,21,18
Villavicencio,201915,47,2
Villavicencio,201916,13,0
Villavicencio,201917,18,0
Villavicencio,201918,49,36
Villavicencio,201919,30,18
Villavicencio,201920,69,34
Villavicencio,201921,54,0
Villavicencio,201922,27,0
Villavicencio,201923,34,0
Villavicencio,201924,44,0
Villavicencio,201925,30,0
Villavicencio,201926,14,1
Villavicencio,201927,32,38
Villavicencio,201928,41,1
Villavicencio,201929,24,1
Villavicencio,201930,40,41
Villavicencio,201931,33,21
Villavicencio,201932,38,0
Villavicencio,201933,41,1
Villavicencio,201934,34,0
Villavicencio,201935,45,0
Villavicencio,201936,47,22
Villavicencio,201937,30,21
Villavicencio,201938,45,0
Villavicencio,201939,11,1
Villavicencio,201940,39,0
Villavicencio,201941,44,18
Villavicencio,201942,50,0
Villavicencio,201943,34,1
Villavicencio,201944,42,0
Villavicencio,201945,65,18
Villavicencio,201946,68,1
Villavicencio,201947,61,1
Villavicencio,201948,53,17
Villavicencio,201949,23,0
Villavicencio,201950,35,0
Villavicencio,201951,16,1
Villavicencio,201952,17,0
Villavicencio,202001,0,0
Villavicencio,202002,1,26
Villavicencio,202003,32,0
Villavicencio,202004,25,0
Villavicencio,202005,11,20
Villavicencio,202006,28,0
Villavicencio,202007,29,0
Villavicencio,202008,31,0
Villavicencio,202009,39,14
Villavicencio,202010,44,1
Villavicencio,202011,19,0
Villavicencio,202012,17,0
Villavicencio,202013,32,0
Villavicencio,202014,60,43
Villavicencio,202015,24,1
Villavicencio,202016,26,0
Villavicencio,202017,54,0
Villavicencio,202018,48,0
Villavicencio,202019,52,1
Villavicencio,202020,33,0
Villavicencio,202021,43,17
Villavicencio,202022,60,37
Villavicencio,202023,57,0
Villavicencio,202024,25,0
Villavicencio,202025,37,35
Villavicencio,202026,49,0
Villavicencio,202027,40,0
Villavicencio,202028,48,0
Villavicencio,202029,31,1
Villavicencio,202030,31,3
Villavicencio,202031,46,0
Villavicencio,202032,24,19
Villavicencio,202033,29,0
Villavicencio,202034,31,12
Villavicencio,202035,50,0
Villavicencio,202036,43,0
Villavicencio,202037,56,1
Villavicencio,202038,44,18
Villavicencio,202039,75,0
Villavicencio,202040,49,1
Villavicencio,202041,31,27
Villavicencio,202042,45,24
Villavicencio,202043,62,0
Villavicencio,202044,55,19
Villavicencio,202045,42,22
Villavicencio,202046,64,14
Villavicencio,202047,53,0
Villavicencio,202048,60,30
Villavicencio,202049,48,0
Villavicencio,202050,19,1
Villavicencio,202051,19,1
Villavicencio,202052,8,1
Villavicencio,202053,0,0
Villavicencio,202101,0,0
Villavicencio,202102,27,0
Villavicencio,202103,12,0
Villavicencio,202104,13,0
Villavicencio,202105,20,0
Villavicencio,202106,5,0
Villavicencio,202107,42,0
Villavicencio,202108,32,1
Villavicencio,202109,64,1
Villavicencio,202110,40,13
Villavicencio,202111,51,0
Villavicencio,202112,39,0
Villavicencio,202113,26,0
Villavicencio,202114,28,19
Villavicencio,202115,53,0
Villavicencio,202116,36,26
Villavicencio,202117,34,100
Villavicencio,202118,48,0
Villavicencio,202119,40,0
Villavicencio,202120,44,15
Villavicencio,202121,44,23
Villavicencio,202122,37,0
Villavicencio,202123,28,0
Villavicencio,202124,37,0
Villavicencio,202125,57,24
Villavicencio,202126,19,22
Villavicencio,202127,26,1
Villavicencio,202128,27,14
Villavicencio,202129,50,1
Villavicencio,202130,28,17
Villavicencio,202131,27,0
Villavicencio,202132,15,0
Villavicencio,202133,48,21
Villavicencio,202134,45,22
Villavicencio,202135,52,0
Villavicencio,202136,62,1
Villavicencio,202137,55,1
Villavicencio,202138,42,1
Villavicencio,202139,49,2
Villavicencio,202140,47,0
Villavicencio,202141,31,1
Villavicencio,202142,43,17
Villavicencio,202143,39,1
Villavicencio,202144,39,0
Villavicencio,202145,68,1
Villavicencio,202146,38,21
Villavicencio,202147,62,0
Villavicencio,202148,19,0
Villavicencio,202149,25,0
Villavicencio,202150,26,0
Villavicencio,202151,1,2
Villavicencio,202152,0,0
Villavicencio,202201,22,1
Villavicencio,202202,12,21
Villavicencio,202203,12,0
Villavicencio,202204,14,53
Villavicencio,202205,26,0
Villavicencio,202206,28,0
Villavicencio,202207,43,1
Villavicencio,202208,50,43
Villavicencio,202209,54,1
Villavicencio,202210,46,0
Villavicencio,202211,49,0
Villavicencio,202212,44,10
Villavicencio,202213,50,15
Villavicencio,202214,57,17
Villavicencio,202215,34,0
Villavicencio,202216,42,25
Villavicencio,202217,59,10
Villavicencio,202218,55,0
Villavicencio,202219,54,24
Villavicencio,202220,36,0
Villavicencio,202221,41,12
Villavicencio,202222,46,0
Villavicencio,202223,39,0
Villavicencio,202224,40,11
Villavicencio,202225,21,28
Villavicencio,202226,37,0
Villavicencio,202227,27,37
Villavicencio,202228,20,0
Villavicencio,202229,36,46
Villavicencio,202230,22,24
Villavicencio,202231,26,0
Villavicencio,202232,40,0
Villavicencio,202233,49,25
Villavicencio,202234,59,10
Villavicencio,202235,49,15
Villavicencio,202236,61,0
Villavicencio,202237,84,21
Villavicencio,202238,41,0
Villavicencio,202239,48,0
Villavicencio,202240,55,47
Villavicencio,202241,37,21
Villavicencio,202242,48,1
Villavicencio,202243,43,15
Villavicencio,202244,59,1
Villavicencio,202245,64,21
Villavicencio,202246,30,0
Villavicencio,202247,52,16
Villavicencio,202248,37,0
Villavicencio,202249,19,17
Villavicencio,202250,24,0
Villavicencio,202251,33,12
Villavicencio,202252,15,0
Villavicencio,202301,6,0
Pasto,201752,22,30
Pasto,201801,1,88
Pasto,201802,26,0
Pasto,201803,0,1
Pasto,201804,24,0
Pasto,201805,35,0
Pasto,201806,0,0
Pasto,201807,39,1
Pasto,201808,30,25
Pasto,201809,28,0
Pasto,201810,42,30
Pasto,201811,54,14
Pasto,201812,41,0
Pasto,201813,48,0
Pasto,201814,40,68
Pasto,201815,58,0
Pasto,201816,32,1
Pasto,201817,20,21
Pasto,201818,47,0
Pasto,201819,22,1
Pasto,201820,39,0
Pasto,201821,70,23
Pasto,201822,59,0
Pasto,201823,32,1
Pasto,201824,19,0
Pasto,201825,0,1
Pasto,201826,33,0
Pasto,201827,24,1
Pasto,201828,13,60
Pasto,201829,14,1
Pasto,201830,33,0
Pasto,201831,31,31
Pasto,201832,29,0
Pasto,201833,21,0
Pasto,201834,42,1
Pasto,201835,43,25
Pasto,201836,24,44
Pasto,201837,19,19
Pasto,201838,46,20
Pasto,201839,37,0
Pasto,201840,45,67
Pasto,201841,36,26
Pasto,201842,46,0
Pasto,201843,59,100
Pasto,201844,59,0
Pasto,201845,40,0
Pasto,201846,61,25
Pasto,201847,74,31
Pasto,201848,47,27
Pasto,201849,33,0
Pasto,201850,16,0
Pasto,201851,0,0
Pasto,201852,31,1
Pasto,201901,33,0
Pasto,201902,37,1
Pasto,201903,20,26
Pasto,201904,41,0
Pasto,201905,44,0
Pasto,201906,33,0
Pasto,201907,20,17
Pasto,201908,45,1
Pasto,201909,65,23
Pasto,201910,37,21
Pasto,201911,57,0
Pasto,201912,42,0
Pasto,201913,65,29
Pasto,201914,26,69
Pasto,201915,33,25
Pasto,201916,23,0
Pasto,201917,54,0
Pasto,201918,47,0
Pasto,201919,43,0
Pasto,201920,37,1
Pasto,201921,60,1
Pasto,201922,62,14
Pasto,201923,46,75
Pasto,201924,65,1
Pasto,201925,63,39
Pasto,201926,25,1
Pasto,201927,34,0
Pasto,201928,22,20
Pasto,201929,36,0
Pasto,201930,0,0
Pasto,201931,47,0
Pasto,201932,48,1
Pasto,201933,49,1
Pasto,201934,20,0
Pasto,201935,53,0
Pasto,201936,52,32
Pasto,201937,35,0
Pasto,201938,52,0
Pasto,201939,41,1
Pasto,201940,89,19
Pasto,201941,52,29
Pasto,201942,50,0
Pasto,201943,47,13
Pasto,201944,50,0
Pasto,201945,60,1
Pasto,201946,47,0
Pasto,201947,48,18
Pasto,201948,71,0
Pasto,201949,13,2
Pasto,201950,0,0
Pasto,201951,11,0
Pasto,201952,0,0
Pasto,202001,0,0
Pasto,202002,0,1
Pasto,202003,20,0
Pasto,202004,26,1
Pasto,202005,33,0
Pasto,202006,31,0
Pasto,202007,38,1
Pasto,202008,23,0
Pasto,202009,63,17
Pasto,202010,41,11
Pasto,202011,62,0
Pasto,202012,32,0
Pasto,202013,45,32
Pasto,202014,24,0
Pasto,202015,34,13
Pasto,202016,51,0
Pasto,202017,45,13
Pasto,202018,70,0
Pasto,202019,43,0
Pasto,202020,36,0
Pasto,202021,57,0
Pasto,202022,71,0
Pasto,202023,50,0
Pasto,202024,80,0
Pasto,202025,32,11
Pasto,202026,58,0
Pasto,202027,45,20
Pasto,202028,46,17
Pasto,202029,48,14
Pasto,202030,40,1
Pasto,202031,32,16
Pasto,202032,36,13
Pasto,202033,50,0
Pasto,202034,55,1
Pasto,202035,56,0
Pasto,202036,51,1
Pasto,202037,30,31
Pasto,202038,53,14
Pasto,202039,81,1
Pasto,202040,66,19
Pasto,202041,60,14
Pasto,202042,32,0
Pasto,202043,68,0
Pasto,202044,73,1
Pasto,202045,65,23
Pasto,202046,93,0
Pasto,202047,74,0
Pasto,202048,69,14
Pasto,202049,66,29
Pasto,202050,30,17
Pasto,202051,25,0
Pasto,202052,14,65
Pasto,202053,14,16
Pasto,202101,10,43
Pasto,202102,23,1
Pasto,202103,17,0
Pasto,202104,26,0
Pasto,202105,27,0
Pasto,202106,38,12
Pasto,202107,51,0
Pasto,202108,59,10
Pasto,202109,38,1
Pasto,202110,81,0
Pasto,202111,63,0
Pasto,202112,34,44
Pasto,202113,64,16
Pasto,202114,60,11
Pasto,202115,62,0
Pasto,202116,42,0
Pasto,202117,58,0
Pasto,202118,49,0
Pasto,202119,49,0
Pasto,202120,51,34
Pasto,202121,61,24
Pasto,202122,46,18
Pasto,202123,35,17
Pasto,202124,47,2
Pasto,202125,36,0
Pasto,202126,35,15
Pasto,202127,22,0
Pasto,202128,33,22
Pasto,202129,28,29
Pasto,202130,42,1
Pasto,202131,38,0
Pasto,202132,38,0
Pasto,202133,36,0
Pasto,202134,51,0
Pasto,202135,52,12
Pasto,202136,30,0
Pasto,202137,46,0
Pasto,202138,56,14
Pasto,202139,64,20
Pasto,202140,53,0
Pasto,202141,38,0
Pasto,202142,35,1
Pasto,202143,56,15
Pasto,202144,71,0
Pasto,202145,71,14
Pasto,202146,78,11
Pasto,202147,99,0
Pasto,202148,41,0
Pasto,202149,35,19
Pasto,202150,38,0
Pasto,202151,16,0
Pasto,202152,0,31
Pasto,202201,0,0
Pasto,202202,6,0
Pasto,202203,35,11
Pasto,202204,35,1
Pasto,202205,32,15
Pasto,202206,42,0
Pasto,202207,48,0
Pasto,202208,54,0
Pasto,202209,73,8
Pasto,202210,57,20
Pasto,202211,36,0
Pasto,202212,45,34
Pasto,202213,83,19
Pasto,202214,52,16
Pasto,202215,34,0
Pasto,202216,69,14
Pasto,202217,57,0
Pasto,202218,59,21
Pasto,202219,69,23
Pasto,202220,53,0
Pasto,202221,61,14
Pasto,202222,57,14
Pasto,202223,52,0
Pasto,202224,52,0
Pasto,202225,36,22
Pasto,202226,36,21
Pasto,202227,39,13
Pasto,202228,33,16
Pasto,202229,36,35
Pasto,202230,31,0
Pasto,202231,61,32
Pasto,202232,50,0
Pasto,202233,83,1
Pasto,202234,59,21
Pasto,202235,75,16
Pasto,202236,75,32
Pasto,202237,81,22
Pasto,202238,62,16
Pasto,202239,72,13
Pasto,202240,74,20
Pasto,202241,66,1
Pasto,202242,52,12
Pasto,202243,47,13
Pasto,202244,95,9
Pasto,202245,57,25
Pasto,202246,70,0
Pasto,202247,100,21
Pasto,202248,33,10
Pasto,202249,28,50
Pasto,202250,35,1
Pasto,202251,25,1
Pasto,202252,23,0
Pasto,202301,30,0
Barranquilla,201752,19,0
Barranquilla,201801,13,37
Barranquilla,201802,14,0
Barranquilla,201803,23,0
Barranquilla,201804,24,1
Barranquilla,201805,27,0
Barranquilla,201806,32,1
Barranquilla,201807,32,43
Barranquilla,201808,65,0
Barranquilla,201809,55,20
Barranquilla,201810,66,1
Barranquilla,201811,55,30
Barranquilla,201812,47,69
Barranquilla,201813,31,0
Barranquilla,201814,60,0
Barranquilla,201815,66,0
Barranquilla,201816,61,0
Barranquilla,201817,63,19
Barranquilla,201818,48,27
Barranquilla,201819,56,65
Barranquilla,201820,50,23
Barranquilla,201821,54,0
Barranquilla,201822,48,24
Barranquilla,201823,54,0
Barranquilla,201824,51,0
Barranquilla,201825,26,1
Barranquilla,201826,18,1
Barranquilla,201827,26,45
Barranquilla,201828,28,0
Barranquilla,201829,38,27
Barranquilla,201830,49,1
Barranquilla,201831,37,2
Barranquilla,201832,46,18
Barranquilla,201833,51,44
Barranquilla,201834,51,2
Barranquilla,201835,57,22
Barranquilla,201836,57,34
Barranquilla,201837,79,1
Barranquilla,201838,51,1
Barranquilla,201839,59,20
Barranquilla,201840,69,32
Barranquilla,201841,52,0
Barranquilla,201842,66,2
Barranquilla,201843,73,42
Barranquilla,201844,56,0
Barranquilla,201845,68,1
Barranquilla,201846,60,0
Barranquilla,201847,54,31
Barranquilla,201848,40,54
Barranquilla,201849,17,34
Barranquilla,201850,14,0
Barranquilla,201851,22,0
Barranquilla,201852,32,0
Barranquilla,201901,12,0
Barranquilla,201902,26,0
Barranquilla,201903,24,26
Barranquilla,201904,32,100
Barranquilla,201905,49,72
Barranquilla,201906,48,0
Barranquilla,201907,56,27
Barranquilla,201908,75,55
Barranquilla,201909,61,0
Barranquilla,201910,50,0
Barranquilla,201911,55,0
Barranquilla,201912,65,0
Barranquilla,201913,56,27
Barranquilla,201914,48,2
Barranquilla,201915,63,92
Barranquilla,201916,36,23
Barranquilla,201917,64,0
Barranquilla,201918,58,33
Barranquilla,201919,59,32
Barranquilla,201920,68,50
Barranquilla,201921,73,20
Barranquilla,201922,65,40
Barranquilla,201923,57,0
Barranquilla,201924,45,31
Barranquilla,201925,41,1
Barranquilla,201926,32,35
Barranquilla,201927,38,3
Barranquilla,201928,59,20
Barranquilla,201929,43,1
Barranquilla,201930,43,23
Barranquilla,201931,51,0
Barranquilla,201932,42,0
Barranquilla,201933,53,0
Barranquilla,201934,49,0
Barranquilla,201935,61,23
Barranquilla,201936,59,100
Barranquilla,201937,79,0
Barranquilla,201938,50,38
Barranquilla,201939,60,28
Barranquilla,201940,72,26
Barranquilla,201941,48,43
Barranquilla,201942,58,0
Barranquilla,201943,63,29
Barranquilla,201944,56,1
Barranquilla,201945,53,62
Barranquilla,201946,65,41
Barranquilla,201947,57,0
Barranquilla,201948,64,69
Barranquilla,201949,24,0
Barranquilla,201950,18,1
Barranquilla,201951,30,0
Barranquilla,201952,18,0
Barranquilla,202001,5,72
Barranquilla,202002,14,0
Barranquilla,202003,26,2
Barranquilla,202004,12,0
Barranquilla,202005,27,0
Barranquilla,202006,22,25
Barranquilla,202007,35,0
Barranquilla,202008,35,0
Barranquilla,202009,42,29
Barranquilla,202010,58,16
Barranquilla,202011,77,65
Barranquilla,202012,43,0
Barranquilla,202013,32,13
Barranquilla,202014,48,16
Barranquilla,202015,37,0
Barranquilla,202016,45,34
Barranquilla,202017,48,28
Barranquilla,202018,60,28
Barranquilla,202019,82,23
Barranquilla,202020,73,34
Barranquilla,202021,64,0
Barranquilla,202022,66,1
Barranquilla,202023,64,38
Barranquilla,202024,64,0
Barranquilla,202025,46,0
Barranquilla,202026,53,0
Barranquilla,202027,43,23
Barranquilla,202028,44,0
Barranquilla,202029,51,14
Barranquilla,202030,52,1
Barranquilla,202031,45,15
Barranquilla,202032,45,0
Barranquilla,202033,40,34
Barranquilla,202034,59,38
Barranquilla,202035,78,19
Barranquilla,202036,68,55
Barranquilla,202037,76,0
Barranquilla,202038,79,20
Barranquilla,202039,66,0
Barranquilla,202040,73,67
Barranquilla,202041,52,31
Barranquilla,202042,49,90
Barranquilla,202043,69,43
Barranquilla,202044,66,15
Barranquilla,202045,62,28
Barranquilla,202046,74,99
Barranquilla,202047,71,76
Barranquilla,202048,100,93
Barranquilla,202049,34,19
Barranquilla,202050,25,29
Barranquilla,202051,16,0
Barranquilla,202052,13,0
Barranquilla,202053,15,1
Barranquilla,202101,15,16
Barranquilla,202102,13,0
Barranquilla,202103,19,36
Barranquilla,202104,25,20
Barranquilla,202105,28,0
Barranquilla,202106,53,0
Barranquilla,202107,58,0
Barranquilla,202108,61,25
Barranquilla,202109,54,18
Barranquilla,202110,66,27
Barranquilla,202111,64,0
Barranquilla,202112,60,17
Barranquilla,202113,39,0
Barranquilla,202114,58,0
Barranquilla,202115,57,33
Barranquilla,202116,53,34
Barranquilla,202117,55,0
Barranquilla,202118,65,0
Barranquilla,202119,45,0
Barranquilla,202120,40,0
Barranquilla,202121,55,45
Barranquilla,202122,59,37
Barranquilla,202123,40,0
Barranquilla,202124,36,0
Barranquilla,202125,38,28
Barranquilla,202126,32,16
Barranquilla,202127,47,2
Barranquilla,202128,44,0
Barranquilla,202129,48,50
Barranquilla,202130,59,0
Barranquilla,202131,44,15
Barranquilla,202132,53,32
Barranquilla,202133,60,55
Barranquilla,202134,78,0
Barranquilla,202135,70,23
Barranquilla,202136,64,26
Barranquilla,202137,79,31
Barranquilla,202138,54,20
Barranquilla,202139,71,0
Barranquilla,202140,75,65
Barranquilla,202141,60,24
Barranquilla,202142,54,50
Barranquilla,202143,80,43
Barranquilla,202144,77,0
Barranquilla,202145,83,32
Barranquilla,202146,73,1
Barranquilla,202147,67,36
Barranquilla,202148,27,0
Barranquilla,202149,11,0
Barranquilla,202150,7,0
Barranquilla,202151,11,21
Barranquilla,202152,17,37
Barranquilla,202201,27,0
Barranquilla,202202,15,0
Barranquilla,202203,14,0
Barranquilla,202204,19,0
Barranquilla,202205,47,30
Barranquilla,202206,41,23
Barranquilla,202207,58,19
Barranquilla,202208,65,18
Barranquilla,202209,69,35
Barranquilla,202210,71,46
Barranquilla,202211,50,13
Barranquilla,202212,65,34
Barranquilla,202213,59,0
Barranquilla,202214,70,17
Barranquilla,202215,38,20
Barranquilla,202216,69,17
Barranquilla,202217,78,29
Barranquilla,202218,87,38
Barranquilla,202219,72,29
Barranquilla,202220,65,17
Barranquilla,202221,67,20
Barranquilla,202222,68,31
Barranquilla,202223,53,30
Barranquilla,202224,49,0
Barranquilla,202225,45,0
Barranquilla,202226,20,15
Barranquilla,202227,32,17
Barranquilla,202228,41,0
Barranquilla,202229,37,1
Barranquilla,202230,57,23
Barranquilla,202231,57,0
Barranquilla,202232,55,26
Barranquilla,202233,57,25
Barranquilla,202234,68,31
Barranquilla,202235,71,24
Barranquilla,202236,49,29
Barranquilla,202237,71,0
Barranquilla,202238,73,0
Barranquilla,202239,79,42
Barranquilla,202240,86,34
Barranquilla,202241,50,0
Barranquilla,202242,68,30
Barranquilla,202243,74,28
Barranquilla,202244,70,24
Barranquilla,202245,80,18
Barranquilla,202246,69,24
Barranquilla,202247,65,31
Barranquilla,202248,38,18
Barranquilla,202249,31,0
Barranquilla,202250,10,18
Barranquilla,202251,23,19
Barranquilla,202252,13,0
Barranquilla,202301,22,20
Bucaramanga,201752,15,47
Bucaramanga,201801,0,0
Bucaramanga,201802,16,0
Bucaramanga,201803,29,36
Bucaramanga,201804,19,0
Bucaramanga,201805,31,0
Bucaramanga,201806,49,0
Bucaramanga,201807,51,22
Bucaramanga,201808,46,0
Bucaramanga,201809,61,1
Bucaramanga,201810,70,56
Bucaramanga,201811,63,0
Bucaramanga,201812,56,0
Bucaramanga,201813,42,0
Bucaramanga,201814,48,1
Bucaramanga,201815,64,0
Bucaramanga,201816,46,24
Bucaramanga,201817,50,0
Bucaramanga,201818,60,37
Bucaramanga,201819,40,1
Bucaramanga,201820,46,26
Bucaramanga,201821,87,57
Bucaramanga,201822,50,28
Bucaramanga,201823,65,0
Bucaramanga,201824,53,57
Bucaramanga,201825,23,0
Bucaramanga,201826,23,49
Bucaramanga,201827,8,0
Bucaramanga,201828,29,1
Bucaramanga,201829,53,0
Bucaramanga,201830,21,0
Bucaramanga,201831,49,1
Bucaramanga,201832,38,0
Bucaramanga,201833,51,41
Bucaramanga,201834,64,30
Bucaramanga,201835,56,56
Bucaramanga,201836,64,0
Bucaramanga,201837,74,0
Bucaramanga,201838,68,0
Bucaramanga,201839,77,0
Bucaramanga,201840,87,0
Bucaramanga,201841,60,1
Bucaramanga,201842,88,60
Bucaramanga,201843,73,38
Bucaramanga,201844,89,40
Bucaramanga,201845,65,39
Bucaramanga,201846,43,0
Bucaramanga,201847,61,0
Bucaramanga,201848,60,2
Bucaramanga,201849,34,0
Bucaramanga,201850,26,0
Bucaramanga,201851,17,0
Bucaramanga,201852,34,0
Bucaramanga,201901,22,0
Bucaramanga,201902,39,0
Bucaramanga,201903,28,0
Bucaramanga,201904,35,1
Bucaramanga,201905,44,36
Bucaramanga,201906,40,0
Bucaramanga,201907,57,0
Bucaramanga,201908,49,84
Bucaramanga,201909,56,1
Bucaramanga,201910,68,29
Bucaramanga,201911,71,33
Bucaramanga,201912,69,74
Bucaramanga,201913,66,1
Bucaramanga,201914,64,47
Bucaramanga,201915,62,0
Bucaramanga,201916,46,41
Bucaramanga,201917,53,1
Bucaramanga,201918,44,49
Bucaramanga,201919,77,61
Bucaramanga,201920,64,1
Bucaramanga,201921,89,25
Bucaramanga,201922,58,20
Bucaramanga,201923,52,77
Bucaramanga,201924,36,43
Bucaramanga,201925,40,1
Bucaramanga,201926,34,0
Bucaramanga,201927,29,1
Bucaramanga,201928,48,21
Bucaramanga,201929,66,0
Bucaramanga,201930,64,1
Bucaramanga,201931,48,21
Bucaramanga,201932,46,0
Bucaramanga,201933,66,0
Bucaramanga,201934,69,46
Bucaramanga,201935,63,65
Bucaramanga,201936,63,96
Bucaramanga,201937,60,0
Bucaramanga,201938,64,1
Bucaramanga,201939,39,0
Bucaramanga,201940,84,33
Bucaramanga,201941,58,34
Bucaramanga,201942,55,56
Bucaramanga,201943,76,35
Bucaramanga,201944,78,56
Bucaramanga,201945,89,49
Bucaramanga,201946,53,100
Bucaramanga,201947,56,0
Bucaramanga,201948,60,2
Bucaramanga,201949,22,0
Bucaramanga,201950,33,1
Bucaramanga,201951,67,0
Bucaramanga,201952,19,26
Bucaramanga,202001,29,0
Bucaramanga,202002,17,0
Bucaramanga,202003,14,0
Bucaramanga,202004,35,1
Bucaramanga,202005,20,1
Bucaramanga,202006,41,40
Bucaramanga,202007,55,21
Bucaramanga,202008,66,0
Bucaramanga,202009,77,45
Bucaramanga,202010,59,40
Bucaramanga,202011,75,17
Bucaramanga,202012,42,29
Bucaramanga,202013,58,0
Bucaramanga,202014,47,18
Bucaramanga,202015,35,25
Bucaramanga,202016,49,0
Bucaramanga,202017,58,18
Bucaramanga,202018,75,26
Bucaramanga,202019,64,70
Bucaramanga,202020,75,0
Bucaramanga,202021,84,37
Bucaramanga,202022,77,35
Bucaramanga,202023,82,1
Bucaramanga,202024,69,18
Bucaramanga,202025,49,16
Bucaramanga,202026,85,15
Bucaramanga,202027,55,0
Bucaramanga,202028,63,0
Bucaramanga,202029,56,27
Bucaramanga,202030,59,26
Bucaramanga,202031,49,0
Bucaramanga,202032,58,1
Bucaramanga,202033,59,27
Bucaramanga,202034,80,0
Bucaramanga,202035,66,48
Bucaramanga,202036,86,14
Bucaramanga,202037,89,42
Bucaramanga,202038,83,21
Bucaramanga,202039,86,32
Bucaramanga,202040,81,35
Bucaramanga,202041,67,1
Bucaramanga,202042,80,0
Bucaramanga,202043,88,45
Bucaramanga,202044,85,24
Bucaramanga,202045,65,58
Bucaramanga,202046,84,0
Bucaramanga,202047,68,0
Bucaramanga,202048,86,42
Bucaramanga,202049,35,0
Bucaramanga,202050,20,39
Bucaramanga,202051,21,24
Bucaramanga,202052,14,0
Bucaramanga,202053,23,0
Bucaramanga,202101,12,0
Bucaramanga,202102,27,0
Bucaramanga,202103,33,0
Bucaramanga,202104,36,0
Bucaramanga,202105,19,23
Bucaramanga,202106,42,0
Bucaramanga,202107,53,41
Bucaramanga,202108,63,23
Bucaramanga,202109,59,23
Bucaramanga,202110,77,0
Bucaramanga,202111,56,0
Bucaramanga,202112,59,28
Bucaramanga,202113,35,51
Bucaramanga,202114,64,23
Bucaramanga,202115,60,17
Bucaramanga,202116,72,35
Bucaramanga,202117,73,31
Bucaramanga,202118,51,15
Bucaramanga,202119,82,15
Bucaramanga,202120,66,2
Bucaramanga,202121,71,0
Bucaramanga,202122,51,16
Bucaramanga,202123,51,1
Bucaramanga,202124,42,0
Bucaramanga,202125,32,27
Bucaramanga,202126,32,56
Bucaramanga,202127,28,1
Bucaramanga,202128,48,29
Bucaramanga,202129,54,0
Bucaramanga,202130,83,17
Bucaramanga,202131,45,1
Bucaramanga,202132,39,47
Bucaramanga,202133,71,0
Bucaramanga,202134,62,0
Bucaramanga,202135,73,0
Bucaramanga,202136,91,28
Bucaramanga,202137,59,35
Bucaramanga,202138,100,0
Bucaramanga,202139,78,1
Bucaramanga,202140,75,50
Bucaramanga,202141,50,0
Bucaramanga,202142,74,0
Bucaramanga,202143,98,1
Bucaramanga,202144,88,65
Bucaramanga,202145,98,24
Bucaramanga,202146,66,0
Bucaramanga,202147,70,35
Bucaramanga,202148,41,0
Bucaramanga,202149,28,28
Bucaramanga,202150,30,1
Bucaramanga,202151,6,0
Bucaramanga,202152,36,2
Bucaramanga,202201,20,0
Bucaramanga,202202,24,32
Bucaramanga,202203,41,18
Bucaramanga,202204,44,1
Bucaramanga,202205,33,1
Bucaramanga,202206,53,22
Bucaramanga,202207,74,22
Bucaramanga,202208,51,48
Bucaramanga,202209,94,51
Bucaramanga,202210,83,43
Bucaramanga,202211,74,20
Bucaramanga,202212,74,32
Bucaramanga,202213,67,0
Bucaramanga,202214,85,44
Bucaramanga,202215,41,0
Bucaramanga,202216,63,10
Bucaramanga,202217,78,46
Bucaramanga,202218,78,17
Bucaramanga,202219,78,0
Bucaramanga,202220,100,51
Bucaramanga,202221,73,37
Bucaramanga,202222,72,0
Bucaramanga,202223,74,63
Bucaramanga,202224,50,32
Bucaramanga,202225,49,26
Bucaramanga,202226,30,0
Bucaramanga,202227,62,52
Bucaramanga,202228,74,24
Bucaramanga,202229,54,21
Bucaramanga,202230,75,17
Bucaramanga,202231,58,0
Bucaramanga,202232,70,23
Bucaramanga,202233,56,1
Bucaramanga,202234,76,0
Bucaramanga,202235,70,26
Bucaramanga,202236,53,1
Bucaramanga,202237,63,30
Bucaramanga,202238,61,29
Bucaramanga,202239,83,56
Bucaramanga,202240,75,1
Bucaramanga,202241,46,37
Bucaramanga,202242,76,32
Bucaramanga,202243,79,96
Bucaramanga,202244,67,46
Bucaramanga,202245,63,25
Bucaramanga,202246,71,44
Bucaramanga,202247,56,73
Bucaramanga,202248,45,15
Bucaramanga,202249,24,0
Bucaramanga,202250,24,44
Bucaramanga,202251,24,0
Bucaramanga,202252,18,19
Bucaramanga,202301,37,0
Ibagué,201752,31,0
Ibagué,201801,12,1
Ibagué,201802,0,0
Ibagué,201803,0,1
Ibagué,201804,26,3
Ibagué,201805,49,0
Ibagué,201806,40,2
Ibagué,201807,43,32
Ibagué,201808,33,0
Ibagué,201809,48,0
Ibagué,201810,58,0
Ibagué,201811,74,0
Ibagué,201812,59,0
Ibagué,201813,25,0
Ibagué,201814,51,0
Ibagué,201815,53,1
Ibagué,201816,47,24
Ibagué,201817,54,0
Ibagué,201818,46,39
Ibagué,201819,46,0
Ibagué,201820,74,31
Ibagué,201821,71,0
Ibagué,201822,38,2
Ibagué,201823,27,1
Ibagué,201824,47,2
Ibagué,201825,21,0
Ibagué,201826,18,0
Ibagué,201827,20,1
Ibagué,201828,48,0
Ibagué,201829,38,0
Ibagué,201830,46,0
Ibagué,201831,32,2
Ibagué,201832,46,57
Ibagué,201833,61,2
Ibagué,201834,50,0
Ibagué,201835,63,0
Ibagué,201836,14,0
Ibagué,201837,57,1
Ibagué,201838,76,0
Ibagué,201839,53,47
Ibagué,201840,78,67
Ibagué,201841,32,4
Ibagué,201842,50,0
Ibagué,201843,33,30
Ibagué,201844,73,1
Ibagué,201845,100,0
Ibagué,201846,59,0
Ibagué,201847,80,0
Ibagué,201848,66,1
Ibagué,201849,33,0
Ibagué,201850,27,0
Ibagué,201851,28,89
Ibagué,201852,11,0
Ibagué,201901,1,51
Ibagué,201902,16,81
Ibagué,201903,1,0
Ibagué,201904,33,0
Ibagué,201905,24,0
Ibagué,201906,0,100
Ibagué,201907,46,1
Ibagué,201908,54,0
Ibagué,201909,58,1
Ibagué,201910,63,2
Ibagué,201911,80,33
Ibagué,201912,80,0
Ibagué,201913,55,0
Ibagué,201914,82,47
Ibagué,201915,44,0
Ibagué,201916,21,0
Ibagué,201917,70,27
Ibagué,201918,72,0
Ibagué,201919,50,0
Ibagué,201920,56,0
Ibagué,201921,43,0
Ibagué,201922,90,70
Ibagué,201923,62,38
Ibagué,201924,42,34
Ibagué,201925,32,0
Ibagué,201926,58,2
Ibagué,201927,31,0
Ibagué,201928,23,0
Ibagué,201929,21,0
Ibagué,201930,35,1
Ibagué,201931,56,0
Ibagué,201932,52,1
Ibagué,201933,54,0
Ibagué,201934,61,41
Ibagué,201935,71,0
Ibagué,201936,93,44
Ibagué,201937,67,0
Ibagué,201938,40,0
Ibagué,201939,58,0
Ibagué,201940,69,0
Ibagué,201941,41,0
Ibagué,201942,46,0
Ibagué,201943,64,1
Ibagué,201944,65,0
Ibagué,201945,54,23
Ibagué,201946,51,40
Ibagué,201947,45,1
Ibagué,201948,53,1
Ibagué,201949,10,33
Ibagué,201950,25,30
Ibagué,201951,17,0
Ibagué,201952,10,1
Ibagué,202001,9,0
Ibagué,202002,37,0
Ibagué,202003,14,0
Ibagué,202004,44,46
Ibagué,202005,20,0
Ibagué,202006,50,2
Ibagué,202007,49,32
Ibagué,202008,58,33
Ibagué,202009,65,23
Ibagué,202010,51,0
Ibagué,202011,49,0
Ibagué,202012,48,40
Ibagué,202013,44,1
Ibagué,202014,54,24
Ibagué,202015,22,0
Ibagué,202016,45,33
Ibagué,202017,64,31
Ibagué,202018,64,26
Ibagué,202019,57,49
Ibagué,202020,70,37
Ibagué,202021,58,39
Ibagué,202022,50,33
Ibagué,202023,69,0
Ibagué,202024,58,0
Ibagué,202025,49,22
Ibagué,202026,57,26
Ibagué,202027,64,0
Ibagué,202028,63,24
Ibagué,202029,46,32
Ibagué,202030,40,0
Ibagué,202031,35,24
Ibagué,202032,59,0
Ibagué,202033,64,49
Ibagué,202034,60,41
Ibagué,202035,85,55
Ibagué,202036,57,0
Ibagué,202037,63,0
Ibagué,202038,73,0
Ibagué,202039,73,17
Ibagué,202040,67,0
Ibagué,202041,29,1
Ibagué,202042,63,1
Ibagué,202043,72,63
Ibagué,202044,56,26
Ibagué,202045,66,20
Ibagué,202046,72,23
Ibagué,202047,71,27
Ibagué,202048,79,28
Ibagué,202049,57,0
Ibagué,202050,44,0
Ibagué,202051,21,2
Ibagué,202052,18,0
Ibagué,202053,18,2
Ibagué,202101,22,25
Ibagué,202102,30,37
Ibagué,202103,13,28
Ibagué,202104,29,39
Ibagué,202105,34,4
Ibagué,202106,52,0
Ibagué,202107,49,0
Ibagué,202108,74,2
Ibagué,202109,72,0
Ibagué,202110,62,35
Ibagué,202111,75,0
Ibagué,202112,64,1
Ibagué,202113,24,1
Ibagué,202114,70,0
Ibagué,202115,77,0
Ibagué,202116,66,0
Ibagué,202117,47,23
Ibagué,202118,84,37
Ibagué,202119,82,26
Ibagué,202120,79,0
Ibagué,202121,63,0
Ibagué,202122,46,0
Ibagué,202123,31,0
Ibagué,202124,50,22
Ibagué,202125,50,0
Ibagué,202126,24,2
Ibagué,202127,15,0
Ibagué,202128,32,1
Ibagué,202129,50,0
Ibagué,202130,52,0
Ibagué,202131,50,0
Ibagué,202132,55,0
Ibagué,202133,44,56
Ibagué,202134,37,0
Ibagué,202135,56,0
Ibagué,202136,61,0
Ibagué,202137,71,22
Ibagué,202138,62,52
Ibagué,202139,80,33
Ibagué,202140,73,47
Ibagué,202141,69,0
Ibagué,202142,46,1
Ibagué,202143,88,29
Ibagué,202144,67,77
Ibagué,202145,82,38
Ibagué,202146,45,1
Ibagué,202147,78,36
Ibagué,202148,32,36
Ibagué,202149,21,0
Ibagué,202150,19,45
Ibagué,202151,14,52
Ibagué,202152,16,0
Ibagué,202201,18,0
Ibagué,202202,11,1
Ibagué,202203,26,0
Ibagué,202204,18,3
Ibagué,202205,40,0
Ibagué,202206,55,1
Ibagué,202207,54,0
Ibagué,202208,65,17
Ibagué,202209,83,0
Ibagué,202210,83,17
Ibagué,202211,75,18
Ibagué,202212,80,38
Ibagué,202213,66,25
Ibagué,202214,64,0
Ibagué,202215,50,23
Ibagué,202216,60,0
Ibagué,202217,68,16
Ibagué,202218,68,0
Ibagué,202219,77,18
Ibagué,202220,36,0
Ibagué,202221,68,36
Ibagué,202222,53,0
Ibagué,202223,57,17
Ibagué,202224,40,61
Ibagué,202225,31,0
Ibagué,202226,31,0
Ibagué,202227,29,0
Ibagué,202228,65,0
Ibagué,202229,49,0
Ibagué,202230,45,0
Ibagué,202231,47,1
Ibagué,202232,65,45
Ibagué,202233,44,2
Ibagué,202234,78,0
Ibagué,202235,66,0
Ibagué,202236,83,0
Ibagué,202237,81,40
Ibagué,202238,59,0
Ibagué,202239,50,32
Ibagué,202240,48,1
Ibagué,202241,53,0
Ibagué,202242,59,34
Ibagué,202243,73,19
Ibagué,202244,81,0
Ibagué,202245,70,0
Ibagué,202246,71,0
Ibagué,202247,75,34
Ibagué,202248,28,0
Ibagué,202249,31,18
Ibagué,202250,29,61
Ibagué,202251,9,35
Ibagué,202252,15,55
Ibagué,202301,20,20
Popayán,201752,2,1
Popayán,201801,26,0
Popayán,201802,36,3
Popayán,201803,0,0
Popayán,201804,42,33
Popayán,201805,19,0
Popayán,201806,44,22
Popayán,201807,40,0
Popayán,201808,30,0
Popayán,201809,32,1
Popayán,201810,42,0
Popayán,201811,45,0
Popayán,201812,51,1
Popayán,201813,13,0
Popayán,201814,36,0
Popayán,201815,25,0
Popayán,201816,22,1
Popayán,201817,36,0
Popayán,201818,17,0
Popayán,201819,65,0
Popayán,201820,55,0
Popayán,201821,48,0
Popayán,201822,65,0
Popayán,201823,72,28
Popayán,201824,22,32
Popayán,201825,1,0
Popayán,201826,17,44
Popayán,201827,22,26
Popayán,201828,28,1
Popayán,201829,30,1
Popayán,201830,42,0
Popayán,201831,53,0
Popayán,201832,59,37
Popayán,201833,40,1
Popayán,201834,12,2
Popayán,201835,42,0
Popayán,201836,70,0
Popayán,201837,65,2
Popayán,201838,54,82
Popayán,201839,56,27
Popayán,201840,30,1
Popayán,201841,47,0
Popayán,201842,20,2
Popayán,201843,37,83
Popayán,201844,60,26
Popayán,201845,48,45
Popayán,201846,38,0
Popayán,201847,49,1
Popayán,201848,29,0
Popayán,201849,29,0
Popayán,201850,55,0
Popayán,201851,1,0
Popayán,201852,26,69
Popayán,201901,22,62
Popayán,201902,0,0
Popayán,201903,25,0
Popayán,201904,25,1
Popayán,201905,37,0
Popayán,201906,28,1
Popayán,201907,40,31
Popayán,201908,100,0
Popayán,201909,23,22
Popayán,201910,53,0
Popayán,201911,62,1
Popayán,201912,66,0
Popayán,201913,48,1
Popayán,201914,51,0
Popayán,201915,66,25
Popayán,201916,29,0
Popayán,201917,34,25
Popayán,201918,48,24
Popayán,201919,31,39
Popayán,201920,56,0
Popayán,201921,59,1
Popayán,201922,20,0
Popayán,201923,47,0
Popayán,201924,48,0
Popayán,201925,38,1
Popayán,201926,18,1
Popayán,201927,39,0
Popayán,201928,49,0
Popayán,201929,55,0
Popayán,201930,44,0
Popayán,201931,53,33
Popayán,201932,27,51
Popayán,201933,37,30
Popayán,201934,69,43
Popayán,201935,24,1
Popayán,201936,53,22
Popayán,201937,53,100
Popayán,201938,46,0
Popayán,201939,69,1
Popayán,201940,43,0
Popayán,201941,32,0
Popayán,201942,35,0
Popayán,201943,37,0
Popayán,201944,44,0
Popayán,201945,50,0
Popayán,201946,49,0
Popayán,201947,38,26
Popayán,201948,69,33
Popayán,201949,28,0
Popayán,201950,37,37
Popayán,201951,9,42
Popayán,201952,10,0
Popayán,202001,0,0
Popayán,202002,16,0
Popayán,202003,0,2
Popayán,202004,35,36
Popayán,202005,25,1
Popayán,202006,34,0
Popayán,202007,15,39
Popayán,202008,45,24
Popayán,202009,74,0
Popayán,202010,45,37
Popayán,202011,45,1
Popayán,202012,26,0
Popayán,202013,24,0
Popayán,202014,29,1
Popayán,202015,35,31
Popayán,202016,24,43
Popayán,202017,41,25
Popayán,202018,46,26
Popayán,202019,58,11
Popayán,202020,54,30
Popayán,202021,62,46
Popayán,202022,47,0
Popayán,202023,33,0
Popayán,202024,42,0
Popayán,202025,42,0
Popayán,202026,58,19
Popayán,202027,47,19
Popayán,202028,26,26
Popayán,202029,49,20
Popayán,202030,42,2
Popayán,202031,12,0
Popayán,202032,8,0
Popayán,202033,39,39
Popayán,202034,43,0
Popayán,202035,51,0
Popayán,202036,40,1
Popayán,202037,48,1
Popayán,202038,51,26
Popayán,202039,53,19
Popayán,202040,73,16
Popayán,202041,45,22
Popayán,202042,48,0
Popayán,202043,62,0
Popayán,202044,64,41
Popayán,202045,57,0
Popayán,202046,80,47
Popayán,202047,35,0
Popayán,202048,82,0
Popayán,202049,45,0
Popayán,202050,41,0
Popayán,202051,36,0
Popayán,202052,0,1
Popayán,202053,19,0
Popayán,202101,17,0
Popayán,202102,8,29
Popayán,202103,34,0
Popayán,202104,25,21
Popayán,202105,21,0
Popayán,202106,28,22
Popayán,202107,53,2
Popayán,202108,47,1
Popayán,202109,41,63
Popayán,202110,41,0
Popayán,202111,33,13
Popayán,202112,40,0
Popayán,202113,23,0
Popayán,202114,50,1
Popayán,202115,41,0
Popayán,202116,48,0
Popayán,202117,40,0
Popayán,202118,48,0
Popayán,202119,72,0
Popayán,202120,51,0
Popayán,202121,41,16
Popayán,202122,37,16
Popayán,202123,39,21
Popayán,202124,16,0
Popayán,202125,43,0
Popayán,202126,0,1
Popayán,202127,55,0
Popayán,202128,27,1
Popayán,202129,27,25
Popayán,202130,41,0
Popayán,202131,18,0
Popayán,202132,37,40
Popayán,202133,49,0
Popayán,202134,48,0
Popayán,202135,72,0
Popayán,202136,82,1
Popayán,202137,29,2
Popayán,202138,45,0
Popayán,202139,56,0
Popayán,202140,78,0
Popayán,202141,34,1
Popayán,202142,30,0
Popayán,202143,43,1
Popayán,202144,66,26
Popayán,202145,31,1
Popayán,202146,64,49
Popayán,202147,65,0
Popayán,202148,25,1
Popayán,202149,35,0
Popayán,202150,16,1
Popayán,202151,30,1
Popayán,202152,25,0
Popayán,202201,27,1
Popayán,202202,27,0
Popayán,202203,12,1
Popayán,202204,29,0
Popayán,202205,33,1
Popayán,202206,43,14
Popayán,202207,67,10
Popayán,202208,54,0
Popayán,202209,54,16
Popayán,202210,42,11
Popayán,202211,58,0
Popayán,202212,39,34
Popayán,202213,64,15
Popayán,202214,91,0
Popayán,202215,22,0
Popayán,202216,59,0
Popayán,202217,61,9
Popayán,202218,63,0
Popayán,202219,49,46
Popayán,202220,57,25
Popayán,202221,48,23
Popayán,202222,27,18
Popayán,202223,59,0
Popayán,202224,25,0
Popayán,202225,27,20
Popayán,202226,30,21
Popayán,202227,46,0
Popayán,202228,47,26
Popayán,202229,46,0
Popayán,202230,61,0
Popayán,202231,52,25
Popayán,202232,66,17
Popayán,202233,49,29
Popayán,202234,70,0
Popayán,202235,63,0
Popayán,202236,60,23
Popayán,202237,44,0
Popayán,202238,64,0
Popayán,202239,55,37
Popayán,202240,45,0
Popayán,202241,62,19
Popayán,202242,35,1
Popayán,202243,66,19
Popayán,202244,72,20
Popayán,202245,75,0
Popayán,202246,73,41
Popayán,202247,72,16
Popayán,202248,43,2
Popayán,202249,36,0
Popayán,202250,41,21
Popayán,202251,21,0
Popayán,202252,11,1
Popayán,202301,27,0
Cúcuta,201752,12,100
Cúcuta,201801,0,0
Cúcuta,201802,0,0
Cúcuta,201803,18,0
Cúcuta,201804,22,63
Cúcuta,201805,23,0
Cúcuta,201806,19,1
Cúcuta,201807,24,0
Cúcuta,201808,52,36
Cúcuta,201809,36,1
Cúcuta,201810,49,45
Cúcuta,201811,52,35
Cúcuta,201812,34,34
Cúcuta,201813,19,0
Cúcuta,201814,45,33
Cúcuta,201815,49,28
Cúcuta,201816,33,0
Cúcuta,201817,73,54
Cúcuta,201818,51,4
Cúcuta,201819,51,0
Cúcuta,201820,38,29
Cúcuta,201821,53,23
Cúcuta,201822,62,39
Cúcuta,201823,42,0
Cúcuta,201824,29,0
Cúcuta,201825,0,0
Cúcuta,201826,18,0
Cúcuta,201827,11,1
Cúcuta,201828,27,0
Cúcuta,201829,26,0
Cúcuta,201830,30,0
Cúcuta,201831,34,0
Cúcuta,201832,29,1
Cúcuta,201833,25,1
Cúcuta,201834,18,66
Cúcuta,201835,29,0
Cúcuta,201836,34,0
Cúcuta,201837,54,87
Cúcuta,201838,58,1
Cúcuta,201839,51,0
Cúcuta,201840,32,52
Cúcuta,201841,54,1
Cúcuta,201842,57,1
Cúcuta,201843,43,74
Cúcuta,201844,53,0
Cúcuta,201845,37,26
Cúcuta,201846,53,39
Cúcuta,201847,37,0
Cúcuta,201848,54,54
Cúcuta,201849,11,0
Cúcuta,201850,46,1
Cúcuta,201851,10,41
Cúcuta,201852,0,0
Cúcuta,201901,18,46
Cúcuta,201902,12,0
Cúcuta,201903,20,0
Cúcuta,201904,10,0
Cúcuta,201905,26,1
Cúcuta,201906,22,1
Cúcuta,201907,40,0
Cúcuta,201908,39,0
Cúcuta,201909,25,1
Cúcuta,201910,56,1
Cúcuta,201911,41,36
Cúcuta,201912,40,1
Cúcuta,201913,31,0
Cúcuta,201914,44,0
Cúcuta,201915,69,32
Cúcuta,201916,43,33
Cúcuta,201917,31,45
Cúcuta,201918,25,0
Cúcuta,201919,54,3
Cúcuta,201920,45,40
Cúcuta,201921,43,68
Cúcuta,201922,63,30
Cúcuta,201923,36,0
Cúcuta,201924,55,21
Cúcuta,201925,13,0
Cúcuta,201926,21,49
Cúcuta,201927,30,63
Cúcuta,201928,19,0
Cúcuta,201929,38,0
Cúcuta,201930,30,0
Cúcuta,201931,26,56
Cúcuta,201932,44,55
Cúcuta,201933,31,24
Cúcuta,201934,66,1
Cúcuta,201935,34,51
Cúcuta,201936,45,2
Cúcuta,201937,43,29
Cúcuta,201938,39,32
Cúcuta,201939,52,0
Cúcuta,201940,61,26
Cúcuta,201941,31,35
Cúcuta,201942,49,25
Cúcuta,201943,52,0
Cúcuta,201944,48,63
Cúcuta,201945,55,0
Cúcuta,201946,38,0
Cúcuta,201947,57,0
Cúcuta,201948,57,0
Cúcuta,201949,26,37
Cúcuta,201950,18,0
Cúcuta,201951,13,1
Cúcuta,201952,20,26
Cúcuta,202001,19,2
Cúcuta,202002,18,1
Cúcuta,202003,15,1
Cúcuta,202004,19,0
Cúcuta,202005,14,0
Cúcuta,202006,25,0
Cúcuta,202007,29,32
Cúcuta,202008,50,23
Cúcuta,202009,49,36
Cúcuta,202010,54,30
Cúcuta,202011,53,1
Cúcuta,202012,41,0
Cúcuta,202013,19,1
Cúcuta,202014,32,49
Cúcuta,202015,27,0
Cúcuta,202016,32,0
Cúcuta,202017,63,22
Cúcuta,202018,54,0
Cúcuta,202019,60,18
Cúcuta,202020,64,53
Cúcuta,202021,44,14
Cúcuta,202022,49,1
Cúcuta,202023,68,0
Cúcuta,202024,75,32
Cúcuta,202025,60,0
Cúcuta,202026,42,28
Cúcuta,202027,39,17
Cúcuta,202028,23,0
Cúcuta,202029,26,1
Cúcuta,202030,17,2
Cúcuta,202031,31,31
Cúcuta,202032,30,0
Cúcuta,202033,43,21
Cúcuta,202034,56,0
Cúcuta,202035,44,28
Cúcuta,202036,62,1
Cúcuta,202037,51,1
Cúcuta,202038,61,0
Cúcuta,202039,48,18
Cúcuta,202040,61,30
Cúcuta,202041,50,0
Cúcuta,202042,51,1
Cúcuta,202043,58,0
Cúcuta,202044,81,1
Cúcuta,202045,57,0
Cúcuta,202046,50,18
Cúcuta,202047,61,19
Cúcuta,202048,76,40
Cúcuta,202049,44,41
Cúcuta,202050,33,29
Cúcuta,202051,27,0
Cúcuta,202052,24,0
Cúcuta,202053,22,0
Cúcuta,202101,9,0
Cúcuta,202102,16,1
Cúcuta,202103,16,30
Cúcuta,202104,34,1
Cúcuta,202105,20,0
Cúcuta,202106,44,28
Cúcuta,202107,30,0
Cúcuta,202108,34,44
Cúcuta,202109,39,0
Cúcuta,202110,52,0
Cúcuta,202111,58,0
Cúcuta,202112,56,0
Cúcuta,202113,27,0
Cúcuta,202114,58,20
Cúcuta,202115,45,26
Cúcuta,202116,52,69
Cúcuta,202117,48,0
Cúcuta,202118,56,0
Cúcuta,202119,71,0
Cúcuta,202120,64,20
Cúcuta,202121,60,1
Cúcuta,202122,45,0
Cúcuta,202123,50,31
Cúcuta,202124,42,36
Cúcuta,202125,33,22
Cúcuta,202126,25,0
Cúcuta,202127,30,0
Cúcuta,202128,41,29
Cúcuta,202129,47,0
Cúcuta,202130,49,0
Cúcuta,202131,46,0
Cúcuta,202132,55,34
Cúcuta,202133,37,17
Cúcuta,202134,60,0
Cúcuta,202135,50,1
Cúcuta,202136,64,0
Cúcuta,202137,63,29
Cúcuta,202138,49,1
Cúcuta,202139,73,47
Cúcuta,202140,35,30
Cúcuta,202141,68,1
Cúcuta,202142,57,41
Cúcuta,202143,59,52
Cúcuta,202144,80,33
Cúcuta,202145,53,31
Cúcuta,202146,39,87
Cúcuta,202147,59,67
Cúcuta,202148,20,48
Cúcuta,202149,24,31
Cúcuta,202150,22,1
Cúcuta,202151,21,1
Cúcuta,202152,9,1
Cúcuta,202201,0,24
Cúcuta,202202,8,0
Cúcuta,202203,14,0
Cúcuta,202204,25,48
Cúcuta,202205,32,1
Cúcuta,202206,49,2
Cúcuta,202207,29,0
Cúcuta,202208,42,28
Cúcuta,202209,49,27
Cúcuta,202210,49,20
Cúcuta,202211,39,16
Cúcuta,202212,69,0
Cúcuta,202213,44,0
Cúcuta,202214,52,17
Cúcuta,202215,40,44
Cúcuta,202216,68,41
Cúcuta,202217,54,13
Cúcuta,202218,49,13
Cúcuta,202219,59,65
Cúcuta,202220,61,19
Cúcuta,202221,52,1
Cúcuta,202222,37,29
Cúcuta,202223,46,0
Cúcuta,202224,47,0
Cúcuta,202225,30,56
Cúcuta,202226,7,1
Cúcuta,202227,28,58
Cúcuta,202228,28,0
Cúcuta,202229,57,0
Cúcuta,202230,24,18
Cúcuta,202231,54,0
Cúcuta,202232,59,1
Cúcuta,202233,44,30
Cúcuta,202234,54,16
Cúcuta,202235,66,26
Cúcuta,202236,100,52
Cúcuta,202237,52,56
Cúcuta,202238,64,0
Cúcuta,202239,71,0
Cúcuta,202240,61,32
Cúcuta,202241,35,0
Cúcuta,202242,58,0
Cúcuta,202243,67,1
Cúcuta,202244,29,19
Cúcuta,202245,50,38
Cúcuta,202246,36,53
Cúcuta,202247,50,0
Cúcuta,202248,34,33
Cúcuta,202249,9,0
Cúcuta,202250,28,0
Cúcuta,202251,18,17
Cúcuta,202252,11,30
Cúcuta,202301,11,1
