GLOBALEVENTID,SQLDATE,MonthYear,Year,Actor1Name,Actor1CountryCode,Actor2Name,Actor2CountryCode,EventCode,NumMentions,NumSources,NumArticles,AvgTone,ActionGeo_CountryCode,ActionGeo_ADM1Code,ActionGeo_Lat,ActionGeo_Long,ActionGeo_FeatureID,SOURCEURL
467522672,20150916,201509,2015,COLOMBIA,COL,RADIO STATION,,193,4,1,4,-3.03030303030303,CO,CO19,4.23161,-73.5079,10864086,http://www.unmultimedia.org/radio/english/2015/09/news-in-brief-16-september-2015-pm/
465775735,20150911,201509,2015,GUNMAN,,COLOMBIA,COL,193,6,2,6,-5.49768518518519,CO,CO19,4.23161,-73.5079,10864086,http://www.nzherald.co.nz/world/news/article.cfm?c_id=2&objectid=11511505
459806479,20150821,201508,2015,COLOMBIAN,COL,,,186,14,6,14,-2.19958605925276,CO,CO19,4.0,-73.3667,-589367,http://globenewswire.com/news-release/2015/08/21/762622/10146868/en/Colombian-Land-Activist-Threatened-by-Paramilitaries-Linked-to-Oil-Palm-Company-Poligrow.html
520388626,20160312,201603,2016,COLOMBIA,COL,JOURNALIST,,193,2,1,2,-8.24053452115813,CO,CO19,4.23161,-73.5079,10864086,http://www.dailystar.co.uk/news/latest-news/500690/Cops-hunt-gunmen-killed-radio-presenter-live-air
496403031,20151222,201512,2015,GOVERNMENT,,COLOMBIA,COL,190,1,1,1,-5.55729984301413,CO,CO19,4.329,-72.8381,-590973,http://www.offnews.info/verArticulo.php?contenidoID=55067
496330517,20151222,201512,2015,COLOMBIA,COL,MEXICO,MEX,190,1,1,1,-5.68692008380724,CO,CO19,4.329,-72.8381,-590973,http://www.insightcrime.org/news-analysis/militias-in-mexico-citizens-security-or-further-conflict-escalation
490869934,20151203,201512,2015,FARC,COL,,,193,5,1,5,-4.80887792848335,CO,CO19,3.43903,-73.757,8022612,http://faustasblog.com/2015/12/colombia-plebiscite-is-a-farce/
431503272,20150507,201505,2015,FARC,COL,MILITARY,,190,2,1,2,-1.70244263508512,CO,CO19,3.24055,-74.3542,-600955,http://reliefweb.int/report/colombia/peace-colombia-falters-critical-area-public-opinion
496331539,20151222,201512,2015,MILITIA,,MEXICO,MEX,192,4,2,4,-5.62210996341068,CO,CO19,4.329,-72.8381,-590973,http://www.insightcrime.org/news-analysis/militias-in-mexico-citizens-security-or-further-conflict-escalation
438903784,20150606,201506,2015,US OFFICIAL,USA,INDIGENOUS,,192,16,1,16,-5.78778135048232,CO,CO19,4.0,-73.2333,-595811,http://www.ww4report.com/node/14099
419279989,20150323,201503,2015,COLOMBIAN,COL,FARC,COL,190,24,4,24,-7.36927237623618,CO,CO19,3.38463,-74.0442,389045,http://brudirect.com/0-world/international-headlines/item/21654-4-killed-in-clash-between-colombian-army-rebels
496331185,20151222,201512,2015,MEXICO,MEX,COLOMBIA,COL,190,2,2,2,-5.62210996341068,CO,CO19,4.329,-72.8381,-590973,http://www.insightcrime.org/news-analysis/militias-in-mexico-citizens-security-or-further-conflict-escalation
466720216,20150914,201509,2015,COLOMBIAN,COL,COLOMBIA,COL,193,2,1,2,-4.1501976284585,CO,CO19,4.23161,-73.5079,10864086,http://elpais.com/elpais/2015/09/14/inenglish/1442238229_836139.html
438903785,20150606,201506,2015,US OFFICIAL,USA,INDIGENOUS,,192,4,1,4,-5.78778135048232,CO,CO19,4.0,-73.2333,-595811,http://www.ww4report.com/node/14099
466720221,20150914,201509,2015,COLOMBIA,COL,JOURNALIST,,190,4,1,4,-4.1501976284585,CO,CO19,4.23161,-73.5079,10864086,http://elpais.com/elpais/2015/09/14/inenglish/1442238229_836139.html
436158840,20150526,201505,2015,VILLAGE,,FARC,COL,190,4,1,4,-6.29251700680272,CO,CO19,4.0,-73.2333,-595811,http://www.hightimes.com/read/colombia-farc-breaks-cease-fire-after-air-strike
452274238,20150725,201507,2015,POLICE,,COMMUNITY,,180,10,1,10,-3.06569343065693,CO,CO19,2.40861,-73.1163,8024429,http://upsidedownworld.org/main/colombia-archives-61/3432-the-hidrosogamoso-dam-communities-pay-the-high-price-of-hydro-electric-power-in-colombia
496402692,20151222,201512,2015,COLOMBIA,COL,GOVERNMENT,,190,1,1,1,-5.55729984301413,CO,CO19,4.329,-72.8381,-590973,http://www.offnews.info/verArticulo.php?contenidoID=55067
496331186,20151222,201512,2015,MEXICO,MEX,COLOMBIA,COL,190,2,2,2,-5.62210996341068,CO,CO19,4.329,-72.8381,-590973,http://www.insightcrime.org/news-analysis/militias-in-mexico-citizens-security-or-further-conflict-escalation
465955826,20150910,201509,2015,RADIO STATION,,COLOMBIA,COL,193,8,1,8,-5.9748427672956,CO,CO19,4.23161,-73.5079,10864086,http://en.rsf.org/spip.php?page=article&id_article=48339
465957472,20150911,201509,2015,JOURNALIST,,COLOMBIA,COL,190,30,2,30,-5.49838002668191,CO,CO19,4.23161,-73.5079,10864086,http://en.rsf.org/spip.php?page=article&id_article=48339
431502955,20150507,201505,2015,,,GUERRILLA,,190,7,1,7,-1.70244263508512,CO,CO19,3.24055,-74.3542,-600955,http://reliefweb.int/report/colombia/peace-colombia-falters-critical-area-public-opinion
496330515,20151222,201512,2015,COLOMBIA,COL,MEXICO,MEX,190,2,2,2,-5.62210996341068,CO,CO19,4.329,-72.8381,-590973,http://www.insightcrime.org/news-analysis/militias-in-mexico-citizens-security-or-further-conflict-escalation
497958538,20151229,201512,2015,OUTLAW,,REPRESENTATIVES,,180,10,1,10,-0.716845878136209,CO,CO19,2.88915,-72.1256,6197118,"El Espectador website, Bogota/BBC Monitoring/(c) BBC"
460876175,20150825,201508,2015,PROSECUTOR,,PUERTO RICO,USA,190,1,1,1,-9.14826498422715,CO,CO19,3.82845,-73.6799,-580099,http://colombiareports.com/former-colombian-mayor-and-3-candidates-arrested-in-voter-fraud-schemes/
438375898,20150604,201506,2015,SCHOOL,,CENTER FOR HUMAN RIGHTS,,190,10,1,10,-6.38095238095238,CO,CO19,3.24055,-74.3542,-600955,http://socialistworker.org/2015/06/04/a-flame-of-hope-in-colombias-long-war
470756053,20150927,201509,2015,ATTORNEY GENERAL,,JOURNALIST,,190,1,1,1,-5.86510263929619,CO,CO19,4.23161,-73.5079,10864086,http://latino.foxnews.com/latino/news/2015/09/27/journalist-murdered-during-robbery-in-northern-colombia/
498422766,20151231,201512,2015,,,SANTIAGO,CHL,190,3,1,3,-6.82926829268293,CO,CO19,4.23161,-73.5079,10864086,http://www.refworld.org/docid/56849fde11.html
496402693,20151222,201512,2015,COLOMBIA,COL,GOVERNMENT,,190,1,1,1,-5.55729984301413,CO,CO19,4.329,-72.8381,-590973,http://www.offnews.info/verArticulo.php?contenidoID=55067
520607273,20160313,201603,2016,GOVERNMENT,,BRAZIL,BRA,190,2,1,2,-8.93371757925072,CO,CO19,4.23161,-73.5079,10864086,http://www.dailymail.co.uk/news/article-3490093/Brazilian-radio-host-51-shot-dead-two-gunmen-force-way-studio-live-air.html
456589535,20150810,201508,2015,NATIVE PEOPLE,,,,202,2,1,2,-3.35195530726257,CO,CO19,2.88915,-72.1256,6197118,http://finance.yahoo.com/news/oil-palm-plantations-colombia-expand-140703648.html
496330516,20151222,201512,2015,COLOMBIA,COL,MEXICO,MEX,190,1,1,1,-5.68692008380724,CO,CO19,4.329,-72.8381,-590973,http://www.insightcrime.org/news-analysis/militias-in-mexico-citizens-security-or-further-conflict-escalation
465774544,20150911,201509,2015,COLOMBIA,COL,COLOMBIA,COL,190,6,2,6,-5.49768518518519,CO,CO19,4.23161,-73.5079,10864086,http://www.nzherald.co.nz/world/news/article.cfm?c_id=2&objectid=11511505
465955828,20150910,201509,2015,RADIO STATION,,REPORTERS WITHOUT BORDERS,,193,12,1,12,-5.9748427672956,CO,CO19,4.23161,-73.5079,10864086,http://en.rsf.org/spip.php?page=article&id_article=48339
435233360,20150522,201505,2015,COLOMBIA,COL,,,193,1,1,1,-5.26315789473684,CO,CO19,2.88915,-72.1256,6197118,http://colombiareports.com/salvatore-mancuso/
470818633,20150928,201509,2015,ATTORNEY GENERAL,,JOURNALIST,,190,2,1,2,-5.0,CO,CO19,4.23161,-73.5079,10864086,http://www.laht.com/article.asp?ArticleId=2397203&CategoryId=12393
428672557,20150427,201504,2015,UNITED STATES,USA,,,190,2,1,2,-0.987383433900169,CO,CO19,4.07368,-73.0659,6149588,http://www.independent.ie/entertainment/movies/movie-reviews/cinema-avengers-age-of-ultron-31168892.html
559161954,20160712,201607,2016,FARC,COL,,,190,3,2,3,-6.04622293621527,CO,CO19,3.24055,-74.3542,-600955,http://www.upi.com/Top_News/World-News/2016/07/12/Colombia-FARC-dispute-details-of-military-clash-during-cease-fire/1951468339568/
559161957,20160712,201607,2016,FARC,COL,COLOMBIA,COL,190,14,2,14,-6.17401146445653,CO,CO19,3.24055,-74.3542,-600955,http://www.upi.com/Top_News/World-News/2016/07/12/Colombia-FARC-dispute-details-of-military-clash-during-cease-fire/1951468339568/
559161960,20160712,201607,2016,FARC,COL,SMALL TOWN,,190,2,2,2,-6.17401146445653,CO,CO19,3.24055,-74.3542,-600955,http://www.upi.com/Top_News/World-News/2016/07/12/Colombia-FARC-dispute-details-of-military-clash-during-cease-fire/1951468339568/
559162103,20160712,201607,2016,SMALL TOWN,,FARC,COL,190,2,2,2,-6.17401146445653,CO,CO19,3.24055,-74.3542,-600955,http://www.upi.com/Top_News/World-News/2016/07/12/Colombia-FARC-dispute-details-of-military-clash-during-cease-fire/1951468339568/
559161951,20160712,201607,2016,COLOMBIA,COL,FARC,COL,190,14,2,14,-6.17401146445653,CO,CO19,3.24055,-74.3542,-600955,http://www.upi.com/Top_News/World-News/2016/07/12/Colombia-FARC-dispute-details-of-military-clash-during-cease-fire/1951468339568/
559161430,20160712,201607,2016,,,FARC,COL,190,1,1,1,-6.55737704918032,CO,CO19,3.24055,-74.3542,-600955,http://www.upi.com/Top_News/World-News/2016/07/12/Colombia-FARC-dispute-details-of-military-clash-during-cease-fire/1951468339568/
570521293,20160818,201608,2016,COLOMBIA,COL,,,1832,6,1,6,-3.23212536728698,CO,CO19,2.88915,-72.1256,6197118,http://www.telesurtv.net/english/news/Colombias-War-and-Peace-Through-the-Eyes-of-a-Dutch-FARC-Rebel-20160817-0011.html
570521294,20160818,201608,2016,COLOMBIAN,COL,,,190,5,1,5,-3.23212536728698,CO,CO19,2.88915,-72.1256,6197118,http://www.telesurtv.net/english/news/Colombias-War-and-Peace-Through-the-Eyes-of-a-Dutch-FARC-Rebel-20160817-0011.html
570520998,20160818,201608,2016,,,GUERRILLA,,192,4,1,4,-3.23212536728698,CO,CO19,2.88915,-72.1256,6197118,http://www.telesurtv.net/english/news/Colombias-War-and-Peace-Through-the-Eyes-of-a-Dutch-FARC-Rebel-20160817-0011.html
570520997,20160818,201608,2016,,,GUERRILLA,,192,1,1,1,-3.23212536728698,CO,CO19,2.88915,-72.1256,6197118,http://www.telesurtv.net/english/news/Colombias-War-and-Peace-Through-the-Eyes-of-a-Dutch-FARC-Rebel-20160817-0011.html
435426847,20150522,201505,2015,,,COLOMBIA,COL,190,30,2,30,-5.73248407643312,CO,CO19,4.0,-73.2333,-595811,http://www.dailytelegraph.com.au/news/world/video-shows-cocaine-smuggling-plane-crash-into-sea/story-fni0xs63-1227365790211?nk=997aa52e6dc9061d8e624dda3123d312
575333408,20160902,201609,2016,DENMARK,DNK,,,193,2,1,2,3.60576923076923,CO,CO19,3.07933,-73.7209,10483250,http://www.stuff.co.nz/travel/themes/83845819/Smugshot-Readers-travel-photos-of-the-week
653155233,20170506,201705,2017,PARAMILITARY FORCE,,GUERRILLA,,190,60,4,60,-0.598624764174363,CO,CO19,2.88915,-72.1256,6197118,https://au.news.yahoo.com/world/a/35339120/colombia-court-orders-release-of-first-general-under-peace-deal/
653158440,20170506,201705,2017,PARAMILITARY,,RETIRED,,190,30,3,30,-0.16279416145368,CO,CO19,2.88915,-72.1256,6197118,http://www.digitaljournal.com/news/world/colombia-court-orders-release-of-first-general-under-peace-deal/article/491955
653157599,20170506,201705,2017,RETIRED,,COLOMBIA,COL,190,20,3,20,-0.16279416145368,CO,CO19,2.88915,-72.1256,6197118,http://www.digitaljournal.com/news/world/colombia-court-orders-release-of-first-general-under-peace-deal/article/491955
600139374,20161118,201611,2016,COLOMBIAN,COL,,,190,3,1,3,-6.72853828306264,CO,CO19,3.24055,-74.3542,-600955,https://panampost.com/julian-villabona/2016/11/17/farc-colombian-government-ceasefire-strained-skirmish/
600139361,20161118,201611,2016,COLOMBIAN,COL,FARC,COL,190,2,1,2,-6.72853828306264,CO,CO19,3.24055,-74.3542,-600955,https://panampost.com/julian-villabona/2016/11/17/farc-colombian-government-ceasefire-strained-skirmish/
668424304,20170627,201706,2017,MILITARY,,REBEL,,190,5,1,5,-2.6188166828322,CO,CO19,3.38463,-74.0442,389045,https://www.dailysabah.com/americas/2017/06/27/farc-handed-over-almost-all-weapons-disarmament-nearly-complete-in-colombia-un-says
668388916,20170627,201706,2017,FARC,COL,POLITICAL PARTY,,190,13,2,13,-2.89564062222603,CO,CO19,3.38463,-74.0442,389045,http://www.dw.com/en/colombias-farc-disarmament-confirmed-by-united-nations/a-39430300
668483863,20170627,201706,2017,BRAZIL,BRA,PRESIDENT,,190,3,1,3,-5.07042253521127,CO,CO19,3.38463,-74.0442,389045,BBC Monitoring/BBC Monitoring/(c) BBC
668424525,20170627,201706,2017,REBEL,,MILITARY,,190,5,1,5,-2.6188166828322,CO,CO19,3.38463,-74.0442,389045,https://www.dailysabah.com/americas/2017/06/27/farc-handed-over-almost-all-weapons-disarmament-nearly-complete-in-colombia-un-says
619819403,20170123,201701,2017,THE UN,,,,190,2,1,2,-3.20037105751392,CO,CO19,4.23161,-73.5079,10864086,https://www.opendemocracy.net/democraciaabierta/thomas-mc-donagh-philippa-de-boissi-re/repression-and-persecuting-environmental-de
642304738,20170331,201703,2017,COLOMBIA,COL,PARAMILITARY,,202,2,1,2,-2.82828282828283,CO,CO19,2.88915,-72.1256,6197118,http://colombiareports.com/former-minister-2-generals-ask-inclusion-colombias-transitional-justice-system/
438902887,20150606,201506,2015,VILLAGE,,FARC,COL,190,4,1,4,-5.78778135048232,CO,CO19,4.0,-73.2333,-595811,http://www.ww4report.com/node/14099
653960884,20170509,201705,2017,PARAMILITARY FORCE,,GUERRILLA,,190,10,1,10,-0.57142857142857,CO,CO19,2.88915,-72.1256,6197118,http://www.justiceinfo.net/en/component/k2/33235-colombia-court-orders-release-of-first-general-under-peace-deal.html
653960893,20170509,201705,2017,PARAMILITARY,,RETIRED,,190,6,1,6,-0.57142857142857,CO,CO19,2.88915,-72.1256,6197118,http://www.justiceinfo.net/en/component/k2/33235-colombia-court-orders-release-of-first-general-under-peace-deal.html
653960088,20170509,201705,2017,RETIRED,,COLOMBIA,COL,190,4,1,4,-0.57142857142857,CO,CO19,2.88915,-72.1256,6197118,http://www.justiceinfo.net/en/component/k2/33235-colombia-court-orders-release-of-first-general-under-peace-deal.html
456589431,20150810,201508,2015,COLOMBIA,COL,NATIVE PEOPLE,,202,4,1,4,-3.35195530726257,CO,CO19,2.88915,-72.1256,6197118,http://finance.yahoo.com/news/oil-palm-plantations-colombia-expand-140703648.html
784113235,20180903,201809,2018,FARC,COL,,,190,5,1,5,-9.23076923076923,CO,CO19,2.88915,-72.1256,6197118,https://morningstaronline.co.uk/article/colombia-charges-chiquita-funding-right-wing-paramilitary-grouo
784113310,20180903,201809,2018,CIVILIAN,,,,190,3,1,3,-9.23076923076923,CO,CO19,2.88915,-72.1256,6197118,https://morningstaronline.co.uk/article/colombia-charges-chiquita-funding-right-wing-paramilitary-grouo
784112833,20180903,201809,2018,,,FARC,COL,190,5,1,5,-9.23076923076923,CO,CO19,2.88915,-72.1256,6197118,https://morningstaronline.co.uk/article/colombia-charges-chiquita-funding-right-wing-paramilitary-grouo
432701266,20150512,201505,2015,COLOMBIA,COL,AGENCE FRANCE PRESS,FRA,195,1,1,1,-3.14356435643564,CO,CO19,3.24055,-74.3542,-600955,http://seeallaboutmichael.blogspot.com/2015/05/fw-thelist-3889.html
466720214,20150914,201509,2015,COLOMBIAN,COL,,,193,2,1,2,-4.1501976284585,CO,CO19,4.23161,-73.5079,10864086,http://elpais.com/elpais/2015/09/14/inenglish/1442238229_836139.html
668675603,20170628,201706,2017,FARC,COL,,,192,10,1,10,-2.06896551724138,CO,CO19,3.38463,-74.0442,389045,http://www.financecolombia.com/farewell-arms-farc-surrenders-weapons-historic-step-colombia-peace-process/
668829529,20170628,201706,2017,GUERRILLA,,,,190,5,1,5,-4.14201183431952,CO,CO19,3.38463,-74.0442,389045,http://www.nzherald.co.nz/world/news/article.cfm?c_id=2&objectid=11883353
668720062,20170628,201706,2017,PARAMILITARY,,GUERRILLA,,193,3,1,3,-4.10132689987937,CO,CO19,3.38463,-74.0442,389045,http://www.arkansasonline.com/news/2017/jun/28/colombia-takes-next-step-toward-peace-2-1/
668720493,20170628,201706,2017,INTELLIGENCE SERVICE,,POLITICAL PARTY,,193,3,1,3,-4.10132689987937,CO,CO19,3.38463,-74.0442,389045,http://www.arkansasonline.com/news/2017/jun/28/colombia-takes-next-step-toward-peace-2-1/
625922915,20170209,201702,2017,COLOMBIA,COL,,,190,3,1,3,-8.14332247557003,CO,CO19,4.23161,-73.5079,10864086,http://colombiareports.com/aggression-journalists-increased-2016-1st-time-7-years-nobody-murdered/
625922917,20170209,201702,2017,COLOMBIA,COL,JOURNALIST,,190,17,1,10,-8.14332247557003,CO,CO19,4.23161,-73.5079,10864086,http://colombiareports.com/aggression-journalists-increased-2016-1st-time-7-years-nobody-murdered/
474574514,20151009,201510,2015,GUNMAN,,COLOMBIA,COL,193,2,1,2,-7.07213578500707,CO,CO19,4.23161,-73.5079,10864086,http://www.refworld.org/docid/561784ac2b.html
1090399549,20230322,202303,2023,COLOMBIA,COL,,,192,5,1,5,-5.54323725055433,CO,CO19,2.88915,-72.1256,6197118,https://insightcrime.org/colombia-organized-crime-news/jose-eberto-lopez-montero-caracho/
1090399551,20230322,202303,2023,COLOMBIA,COL,,,192,1,1,1,-5.54323725055433,CO,CO19,2.88915,-72.1256,6197118,https://insightcrime.org/colombia-organized-crime-news/jose-eberto-lopez-montero-caracho/
1090399810,20230322,202303,2023,POLICE,,,,190,1,1,1,-5.54323725055433,CO,CO19,2.88915,-72.1256,6197118,https://insightcrime.org/colombia-organized-crime-news/jose-eberto-lopez-montero-caracho/
1090399566,20230322,202303,2023,COLOMBIA,COL,COLOMBIA,COL,190,1,1,1,-5.54323725055433,CO,CO19,2.88915,-72.1256,6197118,https://insightcrime.org/colombia-organized-crime-news/jose-eberto-lopez-montero-caracho/
669169037,20170629,201706,2017,THE UN,,,,192,10,1,10,-2.21893491124261,CO,CO19,3.38463,-74.0442,389045,http://www.colombia-politics.com/farc-fake-farewell-to-arms/
520388866,20160312,201603,2016,GOVERNMENT,,BRAZIL,BRA,190,2,1,2,-8.24053452115813,CO,CO19,4.23161,-73.5079,10864086,http://www.dailystar.co.uk/news/latest-news/500690/Cops-hunt-gunmen-killed-radio-presenter-live-air
465774547,20150911,201509,2015,COLOMBIAN,COL,,,190,18,2,18,-5.49768518518519,CO,CO19,4.23161,-73.5079,10864086,http://www.nzherald.co.nz/world/news/article.cfm?c_id=2&objectid=11511505
474573835,20151009,201510,2015,RADIO STATION,,COLOMBIAN,COL,193,10,1,10,-7.07213578500707,CO,CO19,4.23161,-73.5079,10864086,http://www.refworld.org/docid/561784ac2b.html
452274347,20150725,201507,2015,POPULATION,,,,193,10,1,10,-3.06569343065693,CO,CO19,2.40861,-73.1163,8024429,http://upsidedownworld.org/main/colombia-archives-61/3432-the-hidrosogamoso-dam-communities-pay-the-high-price-of-hydro-electric-power-in-colombia
520606999,20160313,201603,2016,COLOMBIA,COL,JOURNALIST,,193,2,1,2,-8.93371757925072,CO,CO19,4.23161,-73.5079,10864086,http://www.dailymail.co.uk/news/article-3490093/Brazilian-radio-host-51-shot-dead-two-gunmen-force-way-studio-live-air.html
438902807,20150606,201506,2015,COLOMBIA,COL,FARC,COL,190,4,1,4,-5.78778135048232,CO,CO19,4.0,-73.2333,-595811,http://www.ww4report.com/node/14099
471000556,20150928,201509,2015,MILITARY GROUP,,PARTY MEMBER,,190,5,1,5,-1.70648464163823,CO,CO19,3.24055,-74.3542,-600955,http://www.studentpulse.com/articles/1180/colombias-opportunity-for-transitional-justice
336163721,20150210,201502,2015,REBEL,,MAYOR,,181,4,1,4,1.48148148148148,CO,CO19,2.40861,-73.1163,8024429,http://colombiareports.co/eln-confirms-holding-west-colombia-mayor-hostage/
456589430,20150810,201508,2015,COLOMBIA,COL,NATIVE PEOPLE,,202,4,1,4,-3.35195530726257,CO,CO19,2.88915,-72.1256,6197118,http://finance.yahoo.com/news/oil-palm-plantations-colombia-expand-140703648.html
460876149,20150825,201508,2015,PROSECUTOR,,CASTILLA,ESP,190,3,1,3,-9.14826498422715,CO,CO19,3.82845,-73.6799,-580099,http://colombiareports.com/former-colombian-mayor-and-3-candidates-arrested-in-voter-fraud-schemes/
520607000,20160313,201603,2016,COLOMBIA,COL,JOURNALIST,,193,8,1,8,-8.93371757925072,CO,CO19,4.23161,-73.5079,10864086,http://www.dailymail.co.uk/news/article-3490093/Brazilian-radio-host-51-shot-dead-two-gunmen-force-way-studio-live-air.html
496331200,20151222,201512,2015,MEXICO,MEX,COLOMBIA,COL,190,1,1,1,-5.68692008380724,CO,CO19,4.329,-72.8381,-590973,http://www.insightcrime.org/news-analysis/militias-in-mexico-citizens-security-or-further-conflict-escalation
630865356,20170224,201702,2017,COLOMBIA,COL,,,193,10,1,10,4.10172272354389,CO,CO19,3.07933,-73.7209,10483250,https://trip101.com/article/villa-de-levya-boyaca-finding-magic-in-colombia-s-16th-century-town
455336546,20150805,201508,2015,FARC,COL,MILITARY,,196,10,1,10,-6.79468242245198,CO,CO19,3.38463,-74.0442,389045,http://colombiareports.com/colombia-conflict-violence-reduced-to-zero-in-2nd-week-of-farc-truce-report/
1107971869,20230610,202306,2023,COLOMBIA,COL,FARC,COL,190,10,1,10,-2.43478260869565,CO,CO19,3.38463,-74.0442,389045,https://www.latimes.com/world-nation/story/2023-06-09/colombias-government-largest-remaining-rebel-group-agree-to-cease-fire-at-talks-in-cuba
1107971870,20230610,202306,2023,COLOMBIA,COL,CUBA,CUB,190,5,1,5,-2.43478260869565,CO,CO19,3.38463,-74.0442,389045,https://www.latimes.com/world-nation/story/2023-06-09/colombias-government-largest-remaining-rebel-group-agree-to-cease-fire-at-talks-in-cuba
1107972319,20230610,202306,2023,REBEL,,POLICE,,183,2,1,2,-2.43478260869565,CO,CO19,3.38463,-74.0442,389045,https://www.latimes.com/world-nation/story/2023-06-09/colombias-government-largest-remaining-rebel-group-agree-to-cease-fire-at-talks-in-cuba
496331188,20151222,201512,2015,MEXICO,MEX,POLICE,,192,2,1,2,-5.68692008380724,CO,CO19,4.329,-72.8381,-590973,http://www.insightcrime.org/news-analysis/militias-in-mexico-citizens-security-or-further-conflict-escalation
902558755,20200130,202001,2020,POLICE,,,,191,5,1,5,-4.02384500745157,CO,CO19,4.23161,-73.5079,10864086,https://www.readingeagle.com/living/english-police-solve-bird-death-mystery/article_d8fc0400-3eec-11ea-baa3-7ba0c97899ca.html
466720227,20150914,201509,2015,COLOMBIAN,COL,,,193,6,1,6,-4.1501976284585,CO,CO19,4.23161,-73.5079,10864086,http://elpais.com/elpais/2015/09/14/inenglish/1442238229_836139.html
1131786381,20231008,202310,2023,UNITED STATES,USA,,,192,8,1,8,-4.22680412371134,CO,CO19,3.09447,-73.5813,10483256,https://www.livingstonparishnews.com/breaking_news/changing-course-homeland-security-to-construct-border-wall-in-rio-grande-valley/article_fae800c8-6486-11ee-aba5-df483772ff20.html
715767126,20171216,201712,2017,MILITARY,,,,186,1,1,1,-3.43915343915344,CO,CO19,4.24145,-73.4597,-600169,https://www.telesurtv.net/english/news/Colombia-Military-Solider-Kills-Rural-Coca-Farmer-20171216-0002.html
715766698,20171216,201712,2017,COLOMBIA,COL,,,180,4,1,4,-3.43915343915344,CO,CO19,4.24145,-73.4597,-600169,https://www.telesurtv.net/english/news/Colombia-Military-Solider-Kills-Rural-Coca-Farmer-20171216-0002.html
715829975,20171217,201712,2017,COLOMBIA,COL,FARMER,,180,1,1,1,-3.34190231362468,CO,CO19,4.24145,-73.4597,-600169,http://tapnewswire.com/2017/12/colombia-military-soldier-kills-rural-coca-farmer/
419279988,20150323,201503,2015,COLOMBIAN,COL,FARC,COL,190,16,4,16,-7.36927237623618,CO,CO19,3.38463,-74.0442,389045,http://brudirect.com/0-world/international-headlines/item/21654-4-killed-in-clash-between-colombian-army-rebels
1060909000,20220831,202208,2022,COLOMBIA,COL,,,193,2,1,2,-5.47112462006079,CO,CO19,4.0,-73.3667,-589367,https://ifex.org/united-for-salman-rushdie-and-civic-spaces-dizzying-erosion-in-brazil-and-central-america/
1060909001,20220831,202208,2022,COLOMBIA,COL,COLOMBIA,COL,193,1,1,1,-5.47112462006079,CO,CO19,4.0,-73.3667,-589367,https://ifex.org/united-for-salman-rushdie-and-civic-spaces-dizzying-erosion-in-brazil-and-central-america/
1060909002,20220831,202208,2022,COLOMBIA,COL,COLOMBIA,COL,193,1,1,1,-5.47112462006079,CO,CO19,4.0,-73.3667,-589367,https://ifex.org/united-for-salman-rushdie-and-civic-spaces-dizzying-erosion-in-brazil-and-central-america/
1060909394,20220831,202208,2022,MEXICAN,MEX,COLOMBIA,COL,193,2,1,2,-5.47112462006079,CO,CO19,4.0,-73.3667,-589367,https://ifex.org/united-for-salman-rushdie-and-civic-spaces-dizzying-erosion-in-brazil-and-central-america/
1060909397,20220831,202208,2022,MEXICO,MEX,COLOMBIA,COL,193,3,1,3,-5.47112462006079,CO,CO19,4.0,-73.3667,-589367,https://ifex.org/united-for-salman-rushdie-and-civic-spaces-dizzying-erosion-in-brazil-and-central-america/
1060909399,20220831,202208,2022,MEXICAN,MEX,NEWSPAPER,,193,1,1,1,-5.47112462006079,CO,CO19,4.0,-73.3667,-589367,https://ifex.org/united-for-salman-rushdie-and-civic-spaces-dizzying-erosion-in-brazil-and-central-america/
1060909395,20220831,202208,2022,MEXICO,MEX,COLOMBIA,COL,193,1,1,1,-5.47112462006079,CO,CO19,4.0,-73.3667,-589367,https://ifex.org/united-for-salman-rushdie-and-civic-spaces-dizzying-erosion-in-brazil-and-central-america/
1130684786,20231003,202310,2023,COLOMBIA,COL,,,192,5,1,5,-4.7945205479452,CO,CO19,2.88915,-72.1256,6197118,https://insightcrime.org/colombia-organized-crime-news/jose-eberto-lopez-montero-caracho/
1130684788,20231003,202310,2023,COLOMBIA,COL,,,192,1,1,1,-4.7945205479452,CO,CO19,2.88915,-72.1256,6197118,https://insightcrime.org/colombia-organized-crime-news/jose-eberto-lopez-montero-caracho/
1130684975,20231003,202310,2023,POLICE,,,,190,1,1,1,-4.7945205479452,CO,CO19,2.88915,-72.1256,6197118,https://insightcrime.org/colombia-organized-crime-news/jose-eberto-lopez-montero-caracho/
1130684799,20231003,202310,2023,COLOMBIA,COL,COLOMBIA,COL,190,1,1,1,-4.7945205479452,CO,CO19,2.88915,-72.1256,6197118,https://insightcrime.org/colombia-organized-crime-news/jose-eberto-lopez-montero-caracho/
450090160,20150717,201507,2015,COMMUNITY,,ORGANIZED CRIME,,190,5,1,5,-0.75471698113207,CO,CO19,3.66667,-73.2,-585054,http://www.state.gov/j/inl/rls/rm/2015/245024.htm
455336547,20150805,201508,2015,FARC,COL,GUERRILLA,,190,10,1,10,-6.79468242245198,CO,CO19,3.38463,-74.0442,389045,http://colombiareports.com/colombia-conflict-violence-reduced-to-zero-in-2nd-week-of-farc-truce-report/
901952846,20200128,202001,2020,POLICE,,,,191,5,1,5,-3.59649122807018,CO,CO19,4.23161,-73.5079,10864086,https://www.anchoragepress.com/news/news-of-the-weird-birdbrained/article_75aaeb58-415f-11ea-ade7-0b331739b03a.html
435233359,20150522,201505,2015,COLOMBIA,COL,,,193,1,1,1,-5.26315789473684,CO,CO19,2.88915,-72.1256,6197118,http://colombiareports.com/salvatore-mancuso/
743842535,20180402,201804,2018,COLOMBIA,COL,,,190,8,1,8,-4.64396284829722,CO,CO19,2.88915,-72.1256,6197118,https://www.telesurtv.net/english/news/One-More-Campesina-Leader-Killed-in-Colombia-20180401-0025.html
744171630,20180403,201804,2018,RIGHTS GROUP,,,,190,10,1,10,-4.71380471380472,CO,CO19,2.88915,-72.1256,6197118,https://www.aljazeera.com/news/2018/03/rights-groups-decry-murder-maria-magdalena-cruz-rojas-180331194253566.html
743842538,20180402,201804,2018,COLOMBIA,COL,UNITED STATES,USA,190,8,1,8,-4.64396284829722,CO,CO19,2.88915,-72.1256,6197118,https://www.telesurtv.net/english/news/One-More-Campesina-Leader-Killed-in-Colombia-20180401-0025.html
743843033,20180402,201804,2018,CRUZ ROJA,,COLOMBIA,COL,186,4,1,4,-4.64396284829722,CO,CO19,2.88915,-72.1256,6197118,https://www.telesurtv.net/english/news/One-More-Campesina-Leader-Killed-in-Colombia-20180401-0025.html
744171634,20180403,201804,2018,RIGHTS GROUP,,CRUZ ROJA,,190,8,1,8,-4.71380471380472,CO,CO19,2.88915,-72.1256,6197118,https://www.aljazeera.com/news/2018/03/rights-groups-decry-murder-maria-magdalena-cruz-rojas-180331194253566.html
744171632,20180403,201804,2018,RIGHTS GROUP,,COLOMBIA,COL,190,2,1,2,-4.71380471380472,CO,CO19,2.88915,-72.1256,6197118,https://www.aljazeera.com/news/2018/03/rights-groups-decry-murder-maria-magdalena-cruz-rojas-180331194253566.html
744171973,20180403,201804,2018,CRUZ ROJA,,COLOMBIA,COL,190,2,1,2,-4.71380471380472,CO,CO19,2.88915,-72.1256,6197118,https://www.aljazeera.com/news/2018/03/rights-groups-decry-murder-maria-magdalena-cruz-rojas-180331194253566.html
744171975,20180403,201804,2018,HUMAN RIGHTS GROUP,,FARMER,,190,10,1,10,-4.71380471380472,CO,CO19,2.88915,-72.1256,6197118,https://www.aljazeera.com/news/2018/03/rights-groups-decry-murder-maria-magdalena-cruz-rojas-180331194253566.html
743842301,20180402,201804,2018,,,COLOMBIA,COL,186,2,1,2,-4.64396284829722,CO,CO19,2.88915,-72.1256,6197118,https://www.telesurtv.net/english/news/One-More-Campesina-Leader-Killed-in-Colombia-20180401-0025.html
743842380,20180402,201804,2018,,,CRUZ ROJA,,186,4,1,4,-4.64396284829722,CO,CO19,2.88915,-72.1256,6197118,https://www.telesurtv.net/english/news/One-More-Campesina-Leader-Killed-in-Colombia-20180401-0025.html
466615625,20150913,201509,2015,RADIO STATION,,REPORTERS WITHOUT BORDERS,,193,6,1,6,-6.10932475884244,CO,CO19,4.23161,-73.5079,10864086,http://www.refworld.org/docid/55f691df40a.html
466616871,20150914,201509,2015,JOURNALIST,,COLOMBIA,COL,190,10,1,10,-6.10932475884244,CO,CO19,4.23161,-73.5079,10864086,http://www.refworld.org/docid/55f691df40a.html
466615623,20150913,201509,2015,RADIO STATION,,COLOMBIA,COL,193,4,1,4,-6.10932475884244,CO,CO19,4.23161,-73.5079,10864086,http://www.refworld.org/docid/55f691df40a.html
719849051,20180104,201801,2018,CIVILIAN,,,,190,10,1,10,-12.7118644067797,CO,CO19,3.38463,-74.0442,389045,http://todaycolombia.com/policeman-killed-by-farc-raid-in-central-colombia/
719849306,20180104,201801,2018,GOVERNMENT,,MILITARY,,181,10,1,10,-12.7118644067797,CO,CO19,3.38463,-74.0442,389045,http://todaycolombia.com/policeman-killed-by-farc-raid-in-central-colombia/
719848972,20180104,201801,2018,FARC,COL,POLICE,,182,10,1,10,-12.7118644067797,CO,CO19,3.38463,-74.0442,389045,http://todaycolombia.com/policeman-killed-by-farc-raid-in-central-colombia/
719848997,20180104,201801,2018,POLICEMAN,,FARC,COL,190,10,1,10,-12.7118644067797,CO,CO19,3.38463,-74.0442,389045,http://todaycolombia.com/policeman-killed-by-farc-raid-in-central-colombia/
719848996,20180104,201801,2018,POLICE,,COLOMBIA,COL,190,20,1,10,-12.7118644067797,CO,CO19,3.38463,-74.0442,389045,http://todaycolombia.com/policeman-killed-by-farc-raid-in-central-colombia/
336163719,20150210,201502,2015,REBEL,,MAYOR,,181,2,1,2,1.48148148148148,CO,CO19,2.40861,-73.1163,8024429,http://colombiareports.co/eln-confirms-holding-west-colombia-mayor-hostage/
428672555,20150427,201504,2015,UNITED STATES,USA,,,190,2,1,2,-0.987383433900169,CO,CO19,4.07368,-73.0659,6149588,http://www.independent.ie/entertainment/movies/movie-reviews/cinema-avengers-age-of-ultron-31168892.html
474574520,20151009,201510,2015,GUNMAN,,RADIO STATION,,193,3,1,3,-7.07213578500707,CO,CO19,4.23161,-73.5079,10864086,http://www.refworld.org/docid/561784ac2b.html
687671580,20170908,201709,2017,COLOMBIA,COL,PARAMILITARY,,202,20,3,20,-4.22982213689707,CO,CO19,2.90402,-71.7186,10876439,http://www.thestar.com.my/news/world/2017/09/08/victims-of-colombias-civil-war-seek-healing-from-pope/
687671582,20170908,201709,2017,COLOMBIA,COL,GUERRILLA,,190,50,3,50,-4.22982213689707,CO,CO19,2.90402,-71.7186,10876439,http://www.thestar.com.my/news/world/2017/09/08/victims-of-colombias-civil-war-seek-healing-from-pope/
1145873311,20231212,202312,2023,DISSIDENT,,,,183,10,1,10,-1.14451988360814,CO,CO19,2.4794,-73.8901,-588739,https://news.mongabay.com/2023/12/colombian-amazon-park-rangers-face-violence-threats-by-illegal-armed-groups/
1145871823,20231212,202312,2023,,,COLOMBIA,COL,190,6,1,6,-1.14451988360814,CO,CO19,2.4794,-73.8901,-588739,https://news.mongabay.com/2023/12/colombian-amazon-park-rangers-face-violence-threats-by-illegal-armed-groups/
1145873529,20231212,202312,2023,ARMED GROUP,,COLOMBIA,COL,190,6,1,6,-1.14451988360814,CO,CO19,2.4794,-73.8901,-588739,https://news.mongabay.com/2023/12/colombian-amazon-park-rangers-face-violence-threats-by-illegal-armed-groups/
498423218,20151231,201512,2015,COLOMBIA,COL,RADIO STATION,,193,5,1,5,-6.82926829268293,CO,CO19,4.23161,-73.5079,10864086,http://www.refworld.org/docid/56849fde11.html
775788420,20180730,201807,2018,MAYOR,,COLOMBIA,COL,190,12,1,6,-6.94444444444445,CO,CO19,4.23161,-73.5079,10864086,https://colombiareports.com/mayor-in-south-colombia-arrested-for-alleged-ties-to-social-leader-murder/
1122582733,20230823,202308,2023,COLOMBIA,COL,,,192,1,1,1,-2.81879194630873,CO,CO19,4.07096,-73.6719,10863728,https://insightcrime.org/news/is-evacuation-of-8600-venezuelan-miners-just-another-smokescreen/
733067121,20180222,201802,2018,ARMY,,CATTLE THIEF,,190,1,1,1,-5.15595162316996,CO,CO19,4.05211,-73.0829,-589780,https://colombiareports.com/colombias-former-president-accused-forming-bloodthirsty-death-squads/
733067118,20180222,201802,2018,ARMY,,COLOMBIA,COL,190,1,1,1,-5.15595162316996,CO,CO19,4.05211,-73.0829,-589780,https://colombiareports.com/colombias-former-president-accused-forming-bloodthirsty-death-squads/
496330514,20151222,201512,2015,COLOMBIA,COL,MEXICO,MEX,190,2,2,2,-5.62210996341068,CO,CO19,4.329,-72.8381,-590973,http://www.insightcrime.org/news-analysis/militias-in-mexico-citizens-security-or-further-conflict-escalation
896873999,20200105,202001,2020,COLOMBIA,COL,FARC,COL,190,8,1,8,-4.37235543018336,CO,CO19,3.38463,-74.0442,389045,https://reliefweb.int/report/colombia/peace-mail-26-december-2019-1-january-2020
896873997,20200105,202001,2020,COLOMBIA,COL,,,190,2,1,2,-4.37235543018336,CO,CO19,3.38463,-74.0442,389045,https://reliefweb.int/report/colombia/peace-mail-26-december-2019-1-january-2020
671560549,20170709,201707,2017,GUERRILLA,,COLOMBIA,COL,190,4,1,4,-2.15517241379311,CO,CO19,4.13916,-73.6011,11231632,http://www.thebostonpilot.com/article.asp?Source=Trending&ID=179715
671559852,20170709,201707,2017,COLOMBIAN,COL,SAINT,,190,6,1,6,-2.15517241379311,CO,CO19,4.13916,-73.6011,11231632,http://www.thebostonpilot.com/article.asp?Source=Trending&ID=179715
522864539,20160320,201603,2016,UNITED STATES,USA,COLOMBIA,COL,1821,4,1,4,-2.38777459407832,CO,CO19,3.43903,-73.757,8022612,http://www.frontpagemag.com/point/262222/new-york-times-glamorizes-marxist-terrorist-daniel-greenfield
710161538,20171127,201711,2017,COLOMBIA,COL,COLOMBIA,COL,190,1,1,1,-5.42986425339366,CO,CO19,2.88915,-72.1256,6197118,https://www.insightcrime.org/colombia-organized-crime-news/jose-eberto-lopez-montero-caracho/
710161535,20171127,201711,2017,COLOMBIA,COL,,,192,6,1,6,-5.42986425339366,CO,CO19,2.88915,-72.1256,6197118,https://www.insightcrime.org/colombia-organized-crime-news/jose-eberto-lopez-montero-caracho/
710161536,20171127,201711,2017,COLOMBIA,COL,,,192,2,1,2,-5.42986425339366,CO,CO19,2.88915,-72.1256,6197118,https://www.insightcrime.org/colombia-organized-crime-news/jose-eberto-lopez-montero-caracho/
718102111,20171227,201712,2017,COLOMBIA,COL,GUERRILLA,,193,10,1,10,-6.58967391304348,CO,CO19,4.13261,-73.027,6149279,http://todaycolombia.com/colombias-chance-of-peace/
766666289,20180623,201806,2018,COLOMBIA,COL,,,190,1,1,1,-3.38541666666667,CO,CO19,2.88915,-72.1256,6197118,http://todaycolombia.com/paramilitary-leader-willing-to-testify-against-colombia-officials/
766666288,20180623,201806,2018,COLOMBIA,COL,,,190,1,1,1,-3.38541666666667,CO,CO19,2.88915,-72.1256,6197118,http://todaycolombia.com/paramilitary-leader-willing-to-testify-against-colombia-officials/
436158733,20150526,201505,2015,COLOMBIA,COL,FARC,COL,190,4,1,4,-6.29251700680272,CO,CO19,4.0,-73.2333,-595811,http://www.hightimes.com/read/colombia-farc-breaks-cease-fire-after-air-strike
696941431,20171011,201710,2017,COLOMBIA,COL,PARAMILITARY FORCE,,202,2,1,2,-9.33682373472948,CO,CO19,2.88915,-72.1256,6197118,https://colombiareports.com/massacres-defined-colombias-armed-conflict/
520388627,20160312,201603,2016,COLOMBIA,COL,JOURNALIST,,193,8,1,8,-8.24053452115813,CO,CO19,4.23161,-73.5079,10864086,http://www.dailystar.co.uk/news/latest-news/500690/Cops-hunt-gunmen-killed-radio-presenter-live-air
470984534,20150928,201509,2015,JOURNALIST,,COLOMBIA,COL,190,2,1,2,-6.08695652173913,CO,CO19,4.23161,-73.5079,10864086,http://colombiareports.com/journalist-murdered-during-robbery-in-northern-colombia/
740749480,20180321,201803,2018,GUERRILLA,,AUTHORITIES,,181,1,1,1,-4.29252782193959,CO,CO19,3.24055,-74.3542,-600955,http://latindispatch.com/2018/03/21/colombian-wrongfully-convicted-legal-void/
740749481,20180321,201803,2018,GUERRILLA,,AUTHORITIES,,181,8,2,8,-4.20852072030831,CO,CO19,3.24055,-74.3542,-600955,http://latindispatch.com/2018/03/21/colombian-wrongfully-convicted-legal-void/
741451634,20180323,201803,2018,GUERRILLA,,CIVILIAN,,190,6,1,6,-4.22360248447205,CO,CO19,3.24055,-74.3542,-600955,http://latinousa.org/2018/03/22/colombianpeaceprocess/
741451626,20180323,201803,2018,GUERRILLA,,AUTHORITIES,,181,4,1,4,-4.22360248447205,CO,CO19,3.24055,-74.3542,-600955,http://latinousa.org/2018/03/22/colombianpeaceprocess/
703638938,20171103,201711,2017,,,GUERILLA,,190,10,1,10,0.9090909090909,CO,CO19,4.35342,-73.7115,-582436,https://dialogo-americas.com/en/articles/colombian-air-force-brings-aid-northeastern-part-country
868954848,20190828,201908,2019,FARC,COL,COLOMBIAN,COL,190,2,1,2,-3.04295942720764,CO,CO19,4.05211,-73.0829,-589780,https://panampost.com/vanesa-vallejo/2019/08/28/colombia-alvaro-uribe-faces-investigation-for-witness-manipulation/
868954849,20190828,201908,2019,FARC,COL,COLOMBIAN,COL,190,6,1,6,-3.04295942720764,CO,CO19,4.05211,-73.0829,-589780,https://panampost.com/vanesa-vallejo/2019/08/28/colombia-alvaro-uribe-faces-investigation-for-witness-manipulation/
455336544,20150805,201508,2015,FARC,COL,COLOMBIAN,COL,190,8,1,8,-6.79468242245198,CO,CO19,3.38463,-74.0442,389045,http://colombiareports.com/colombia-conflict-violence-reduced-to-zero-in-2nd-week-of-farc-truce-report/
703993717,20171105,201711,2017,MAYOR,,COLOMBIA,COL,181,2,1,2,-7.16510903426791,CO,CO19,2.40861,-73.1163,8024429,http://todaycolombia.com/eln-rebels-kidnap-west-colombia-mayor/
704800429,20171107,201711,2017,,,COLOMBIA,COL,190,2,1,2,-6.14973262032085,CO,CO19,2.88915,-72.1256,6197118,http://todaycolombia.com/arrest-of-regional-leader-a-further-blow-to-colombias-rastrojos/
704800428,20171107,201711,2017,,,COLOMBIA,COL,190,1,1,1,-6.14973262032085,CO,CO19,2.88915,-72.1256,6197118,http://todaycolombia.com/arrest-of-regional-leader-a-further-blow-to-colombias-rastrojos/
901475460,20200125,202001,2020,POLICE,,,,191,5,1,5,-3.52422907488987,CO,CO19,4.23161,-73.5079,10864086,https://www.uexpress.com/news-of-the-weird/2020/1/24
460876139,20150825,201508,2015,PROSECUTOR,,COLOMBIA,COL,190,5,1,5,-9.14826498422715,CO,CO19,3.82845,-73.6799,-580099,http://colombiareports.com/former-colombian-mayor-and-3-candidates-arrested-in-voter-fraud-schemes/
1037663933,20220403,202204,2022,,,COMMUNITY,,190,4,1,4,-3.59712230215827,CO,CO19,2.62206,-72.7572,6197119,https://www.plenglish.com/news/2022/04/04/fifty-social-leaders-were-assassinated-in-colombia-this-year/
1037663934,20220403,202204,2022,COMMUNITY,,COLOMBIA,COL,190,4,1,4,-3.59712230215827,CO,CO19,2.62206,-72.7572,6197119,https://www.plenglish.com/news/2022/04/04/fifty-social-leaders-were-assassinated-in-colombia-this-year/
1037664806,20220404,202204,2022,ARMED MEN,,COLOMBIA,COL,190,2,1,2,-3.59712230215827,CO,CO19,2.62206,-72.7572,6197119,https://www.plenglish.com/news/2022/04/04/fifty-social-leaders-were-assassinated-in-colombia-this-year/
764815560,20180616,201806,2018,FARC,COL,COLOMBIAN,COL,190,8,1,8,-6.28930817610063,CO,CO19,3.38463,-74.0442,389045,http://todaycolombia.com/colombia-conflict-violence-reduced-to-zero-in-2nd-week-of-farc-truce-report/
764815563,20180616,201806,2018,FARC,COL,GUERRILLA,,190,10,1,10,-6.28930817610063,CO,CO19,3.38463,-74.0442,389045,http://todaycolombia.com/colombia-conflict-violence-reduced-to-zero-in-2nd-week-of-farc-truce-report/
764815562,20180616,201806,2018,FARC,COL,MILITARY,,196,10,1,10,-6.28930817610063,CO,CO19,3.38463,-74.0442,389045,http://todaycolombia.com/colombia-conflict-violence-reduced-to-zero-in-2nd-week-of-farc-truce-report/
764815336,20170616,201706,2017,COLOMBIA,COL,GUERRILLA,,190,10,1,10,-6.28930817610063,CO,CO19,3.38463,-74.0442,389045,http://todaycolombia.com/colombia-conflict-violence-reduced-to-zero-in-2nd-week-of-farc-truce-report/
908119810,20200224,202002,2020,COLOMBIA,COL,DRUG TRAFFICKER,,190,6,1,6,-6.98412698412698,CO,CO19,2.4794,-73.8901,-588739,https://www.channelnewsasia.com/news/world/colombia-launches-offensive-against-drug-traffickers-for-12467254
939498533,20200807,202008,2020,PRESIDENT,,MILITARY,,190,1,1,1,-2.15128383067315,CO,CO19,2.19022,-73.8753,-587857,https://news.mongabay.com/2020/08/in-colombia-a-protected-park-is-buffeted-by-social-environmental-conflicts/
745736044,20180409,201804,2018,COLOMBIA,COL,,,190,4,1,4,-4.41850771154647,CO,CO19,2.40861,-73.1163,8024429,http://www.offnews.info/verArticulo.php?contenidoID=60391
490869933,20151203,201512,2015,FARC,COL,,,192,5,1,5,-4.80887792848335,CO,CO19,3.43903,-73.757,8022612,http://faustasblog.com/2015/12/colombia-plebiscite-is-a-farce/
460876140,20150825,201508,2015,PROSECUTOR,,COLOMBIA,COL,190,1,1,1,-9.14826498422715,CO,CO19,3.82845,-73.6799,-580099,http://colombiareports.com/former-colombian-mayor-and-3-candidates-arrested-in-voter-fraud-schemes/
336078214,20150210,201502,2015,COLOMBIA,COL,MAYOR,,181,1,1,1,1.48148148148148,CO,CO19,2.40861,-73.1163,8024429,http://colombiareports.co/eln-confirms-holding-west-colombia-mayor-hostage/
692006375,20170922,201709,2017,COLOMBIA,COL,COLOMBIA,COL,193,4,1,4,-3.63636363636364,CO,CO19,4.23161,-73.5079,10864086,http://todaycolombia.com/opposition-mayoral-candidate-shot-in-southwest-colombia/
692006387,20170922,201709,2017,COLOMBIA,COL,OPPOSITION PARTY,,193,6,1,6,-3.63636363636364,CO,CO19,4.23161,-73.5079,10864086,http://todaycolombia.com/opposition-mayoral-candidate-shot-in-southwest-colombia/
866879415,20190819,201908,2019,COLOMBIA,COL,SCHOOL,,193,2,1,2,-3.14769975786925,CO,CO19,4.23161,-73.5079,10864086,https://knightcenter.utexas.edu/blog/00-21147-colombia-declares-1998-murder-journalist-nelson-carvajal-crime-against-humanity
866879418,20190819,201908,2019,COLOMBIA,COL,JOURNALIST,,190,8,1,8,-3.14769975786925,CO,CO19,4.23161,-73.5079,10864086,https://knightcenter.utexas.edu/blog/00-21147-colombia-declares-1998-murder-journalist-nelson-carvajal-crime-against-humanity
470818920,20150928,201509,2015,JOURNALIST,,COLOMBIA,COL,190,15,2,14,-5.36231884057971,CO,CO19,4.23161,-73.5079,10864086,http://www.laht.com/article.asp?ArticleId=2397203&CategoryId=12393
470756328,20150927,201509,2015,JOURNALIST,,COLOMBIA,COL,190,6,1,6,-5.86510263929619,CO,CO19,4.23161,-73.5079,10864086,http://latino.foxnews.com/latino/news/2015/09/27/journalist-murdered-during-robbery-in-northern-colombia/
1004436962,20210916,202109,2021,NATIONAL POLICE,,CIUDAD BOLIVAR,VEN,190,10,1,10,-12.9629629629629,CO,CO19,4.08847,-73.5774,10864023,https://igamingbusiness.com/coljuegos-uncovers-cop7-11bn-in-illegal-gambling-raids/
496331199,20151222,201512,2015,MEXICO,MEX,COLOMBIA,COL,190,1,1,1,-5.68692008380724,CO,CO19,4.329,-72.8381,-590973,http://www.insightcrime.org/news-analysis/militias-in-mexico-citizens-security-or-further-conflict-escalation
748878262,20180320,201803,2018,ARMY,,COLOMBIA,COL,190,2,1,2,-2.01511335012595,CO,CO19,4.23161,-73.5079,10864086,https://calvinayre.com/2018/04/19/business/colombia-flip-flops-online-poker-liquidity-sharing/
748878255,20180320,201803,2018,POLICE,,COLOMBIA,COL,190,2,1,2,-2.01511335012595,CO,CO19,4.23161,-73.5079,10864086,https://calvinayre.com/2018/04/19/business/colombia-flip-flops-online-poker-liquidity-sharing/
466912883,20150915,201509,2015,JOURNALIST,,,,193,2,1,2,-8.40336134453781,CO,CO19,4.23161,-73.5079,10864086,https://au.news.yahoo.com/a/29532313/colombian-journalist-shot-dead-outside-radio-station/
955046377,20191119,201911,2019,FARC,COL,COLOMBIA,COL,190,3,1,3,-2.3686920700309,CO,CO19,3.38463,-74.0442,389045,https://www.bbc.com/news/world-latin-america-54778291
955046378,20191119,201911,2019,FARC,COL,FIGHTER,,193,2,1,2,-2.3686920700309,CO,CO19,3.38463,-74.0442,389045,https://www.bbc.com/news/world-latin-america-54778291
955046388,20191119,201911,2019,FIGHTER,,FARC,COL,190,7,1,7,-2.3686920700309,CO,CO19,3.38463,-74.0442,389045,https://www.bbc.com/news/world-latin-america-54778291
955046389,20191119,201911,2019,FIGHTER,,FARC,COL,193,3,1,3,-2.3686920700309,CO,CO19,3.38463,-74.0442,389045,https://www.bbc.com/news/world-latin-america-54778291
955047080,20201118,202011,2020,THE UN,,FARC,COL,190,10,1,10,-2.3686920700309,CO,CO19,3.38463,-74.0442,389045,https://www.bbc.com/news/world-latin-america-54778291
906036770,20200214,202002,2020,POLICE,,,,191,5,1,5,-3.03030303030303,CO,CO19,4.23161,-73.5079,10864086,http://jewishworldreview.com/0220/news_of_the_weird22326.php3
744449290,20180404,201804,2018,RIGHTS GROUP,,,,190,10,1,10,-3.01369863013699,CO,CO19,2.88915,-72.1256,6197118,http://mwcnews.net/news/americas/71357-murder-of-maria-magdalena-cruz-rojas.html
745012026,20180405,201804,2018,COLOMBIA,COL,,,190,2,1,2,-4.43983402489626,CO,CO19,2.40861,-73.1163,8024429,https://www.insightcrime.org/news/analysis/new-war-colombias-catatumbo/
744448382,20180328,201803,2018,COLOMBIAN,COL,FIGHTER,,190,5,1,5,-3.01369863013699,CO,CO19,2.88915,-72.1256,6197118,http://mwcnews.net/news/americas/71357-murder-of-maria-magdalena-cruz-rojas.html
744449292,20180404,201804,2018,RIGHTS GROUP,,COLOMBIA,COL,190,2,1,2,-3.01369863013699,CO,CO19,2.88915,-72.1256,6197118,http://mwcnews.net/news/americas/71357-murder-of-maria-magdalena-cruz-rojas.html
744449702,20180404,201804,2018,HUMAN RIGHTS GROUP,,COLOMBIAN,COL,190,2,1,2,-3.01369863013699,CO,CO19,2.88915,-72.1256,6197118,http://mwcnews.net/news/americas/71357-murder-of-maria-magdalena-cruz-rojas.html
744449294,20180404,201804,2018,RIGHTS GROUP,,CRUZ ROJA,,190,8,1,8,-3.01369863013699,CO,CO19,2.88915,-72.1256,6197118,http://mwcnews.net/news/americas/71357-murder-of-maria-magdalena-cruz-rojas.html
744449704,20180404,201804,2018,HUMAN RIGHTS GROUP,,COLOMBIAN,COL,190,8,1,8,-3.01369863013699,CO,CO19,2.88915,-72.1256,6197118,http://mwcnews.net/news/americas/71357-murder-of-maria-magdalena-cruz-rojas.html
744449700,20180404,201804,2018,CRUZ ROJA,,COLOMBIA,COL,190,2,1,2,-3.01369863013699,CO,CO19,2.88915,-72.1256,6197118,http://mwcnews.net/news/americas/71357-murder-of-maria-magdalena-cruz-rojas.html
744448380,20180328,201803,2018,,,COLOMBIAN,COL,190,3,1,3,-3.01369863013699,CO,CO19,2.88915,-72.1256,6197118,http://mwcnews.net/news/americas/71357-murder-of-maria-magdalena-cruz-rojas.html
700516383,20171024,201710,2017,FARC,COL,POLITICAL PARTY,,190,10,1,10,-1.84696569920844,CO,CO19,3.38463,-74.0442,389045,https://www.worldpoliticsreview.com/articles/22564/colombia-s-farc-disarmament-confirmed-by-united-nations
490869936,20151203,201512,2015,FARC,COL,INDIGENOUS,,193,10,1,10,-4.80887792848335,CO,CO19,3.43903,-73.757,8022612,http://faustasblog.com/2015/12/colombia-plebiscite-is-a-farce/
813450350,20190101,201901,2019,COLOMBIA,COL,FARC,COL,190,10,1,10,-4.55531453362256,CO,CO19,3.38463,-74.0442,389045,https://www.msn.com/en-gb/news/world/colombia-ex-rebel-deaths-cause-concern/ar-BBRF2r7
813450353,20190101,201901,2019,FARC,COL,THE UN,,190,5,1,5,-4.55531453362256,CO,CO19,3.38463,-74.0442,389045,https://www.msn.com/en-gb/news/world/colombia-ex-rebel-deaths-cause-concern/ar-BBRF2r7
813450589,20190101,201901,2019,THE UN,,FARC,COL,190,5,1,5,-4.55531453362256,CO,CO19,3.38463,-74.0442,389045,https://www.msn.com/en-gb/news/world/colombia-ex-rebel-deaths-cause-concern/ar-BBRF2r7
814497530,20190107,201901,2019,BANDIT,,BARQUISIMETO,VEN,190,6,1,6,-7.03479576399395,CO,CO19,4.03554,-73.6068,10863798,http://www.heraldmalaysia.com/news/forty-missionaries-killed-worldwide-in-2018/45885/1
814704683,20190108,201901,2019,BANDIT,,BARQUISIMETO,VEN,190,6,1,6,-7.50652741514361,CO,CO19,4.03554,-73.6068,10863798,http://www.bosnewslife.com/39020-40-catholic-missionaries-killed-worldwide-in-2018
653137574,20170505,201705,2017,PARAMILITARY FORCE,,GUERRILLA,,190,10,1,10,-0.27027027027027,CO,CO19,2.88915,-72.1256,6197118,http://www.gmanetwork.com/news/news/world/609724/colombia-court-orders-release-of-first-general-under-peace-deal/story/
687423473,20170907,201709,2017,,,TRINIDAD,TTO,180,2,1,2,-5.44090056285178,CO,CO19,4.23333,-72.85,-601617,https://www.stabroeknews.com/2017/news/regional/09/07/ex-minister-accuses-former-brazil-president-lula-of-accepting-bribes/
687423475,20170907,201709,2017,,,TRINIDAD AND TOBAGO,TTO,190,2,1,2,-5.44090056285178,CO,CO19,4.23333,-72.85,-601617,https://www.stabroeknews.com/2017/news/regional/09/07/ex-minister-accuses-former-brazil-president-lula-of-accepting-bribes/
687640702,20170907,201709,2017,COLOMBIA,COL,PARAMILITARY,,202,12,2,12,-3.91416916613972,CO,CO19,2.90402,-71.7186,10876439,http://uk.reuters.com/article/uk-pope-colombia-victims/victims-of-colombias-civil-war-seek-healing-from-pope-idUKKCN1BI2WE
687645973,20170907,201709,2017,COLOMBIA,COL,GUERRILLA,,190,8,1,8,-3.09810671256454,CO,CO19,2.90402,-71.7186,10876439,https://www.msn.com/en-us/news/other/victims-of-colombias-civil-war-seek-healing-from-pope/ar-AArtw9x
687640704,20170907,201709,2017,COLOMBIA,COL,GUERRILLA,,190,22,2,22,-3.91416916613972,CO,CO19,2.90402,-71.7186,10876439,http://uk.reuters.com/article/uk-pope-colombia-victims/victims-of-colombias-civil-war-seek-healing-from-pope-idUKKCN1BI2WE
412515478,20150226,201502,2015,COLOMBIA,COL,NICARAGUA,NIC,190,3,1,3,-3.10028472002531,CO,CO19,3.25827,-72.7207,10483761,http://colectivodisenolatinoamerica.blogspot.com/2015/02/contras.html
496403030,20151222,201512,2015,GOVERNMENT,,COLOMBIA,COL,190,1,1,1,-5.55729984301413,CO,CO19,4.329,-72.8381,-590973,http://www.offnews.info/verArticulo.php?contenidoID=55067
1040384285,20220421,202204,2022,COLOMBIA,COL,COLOMBIA,COL,181,2,1,2,-2.58964143426295,CO,CO19,2.90402,-71.7186,10876439,https://www.elciudadano.com/en/who-is-jineth-bedoya-the-new-un-global-ambassador-against-sexual-violence/04/20/
1040385083,20220421,202204,2022,JOURNALIST,,COLOMBIA,COL,181,2,1,2,-2.58964143426295,CO,CO19,2.90402,-71.7186,10876439,https://www.elciudadano.com/en/who-is-jineth-bedoya-the-new-un-global-ambassador-against-sexual-violence/04/20/
467522573,20150916,201509,2015,PRODUCER,,RADIO STATION,,193,1,1,1,-3.03030303030303,CO,CO19,4.23161,-73.5079,10864086,http://www.unmultimedia.org/radio/english/2015/09/news-in-brief-16-september-2015-pm/
730368262,20180213,201802,2018,CASTILLA,ESP,WORKER,,180,5,1,5,-8.48056537102473,CO,CO19,3.82845,-73.6799,-580099,http://www.hellenicshippingnews.com/colombias-ecopetrol-suspends-operations-at-three-oilfields-amid-protests/
730369313,20180213,201802,2018,PROTESTER,,,,180,5,1,5,-8.48056537102473,CO,CO19,3.82845,-73.6799,-580099,http://www.hellenicshippingnews.com/colombias-ecopetrol-suspends-operations-at-three-oilfields-amid-protests/
730367861,20180213,201802,2018,COLOMBIA,COL,,,194,10,1,10,-8.48056537102473,CO,CO19,3.82845,-73.6799,-580099,http://www.hellenicshippingnews.com/colombias-ecopetrol-suspends-operations-at-three-oilfields-amid-protests/
997760790,20210802,202108,2021,,,COLOMBIA,COL,190,6,1,6,-5.12129380053909,CO,CO19,2.4794,-73.8901,-588739,https://www.laprensalatina.com/colombias-lungs-trying-to-win-battle-against-deforestation/
1007589768,20211004,202110,2021,COLOMBIA,COL,CRIMINAL,,190,2,1,2,-3.16455696202532,CO,CO19,4.04481,-73.5944,10863802,https://www.theguardian.com/environment/2021/sep/13/colombia-12-year-old-eco-activist-refuses-to-let-death-threats-dim-passion-aoe
1007589822,20211004,202110,2021,CRIMINAL,,COLOMBIA,COL,190,4,1,4,-3.16455696202532,CO,CO19,4.04481,-73.5944,10863802,https://www.theguardian.com/environment/2021/sep/13/colombia-12-year-old-eco-activist-refuses-to-let-death-threats-dim-passion-aoe
791329467,20181001,201810,2018,COLOMBIA,COL,,,192,2,1,2,-5.29953917050691,CO,CO19,3.25827,-72.7207,10483761,https://www.insightcrime.org/news/brief/colombia-seize-first-assets-linked-ex-farc-mafia/
791329468,20181001,201810,2018,COLOMBIA,COL,,,192,6,1,6,-5.29953917050691,CO,CO19,3.25827,-72.7207,10483761,https://www.insightcrime.org/news/brief/colombia-seize-first-assets-linked-ex-farc-mafia/
882213218,20191025,201910,2019,COLOMBIA,COL,FARC,COL,186,10,1,10,-7.12530712530716,CO,CO19,3.38463,-74.0442,389045,https://colombiareports.com/colombia-vows-reinforced-security-after-farc-member-assassinated-inside-reintegration-site/
882213221,20191025,201910,2019,COLOMBIA,COL,GUERRILLA,,186,10,1,10,-7.12530712530716,CO,CO19,3.38463,-74.0442,389045,https://colombiareports.com/colombia-vows-reinforced-security-after-farc-member-assassinated-inside-reintegration-site/
882213222,20191025,201910,2019,FARC,COL,GUERRILLA,,186,10,1,10,-7.12530712530716,CO,CO19,3.38463,-74.0442,389045,https://colombiareports.com/colombia-vows-reinforced-security-after-farc-member-assassinated-inside-reintegration-site/
882448502,20191026,201910,2019,COLOMBIA,COL,FARC,COL,190,10,1,10,-1.31147540983606,CO,CO19,3.38463,-74.0442,389045,https://colombiareports.com/the-wrong-farc-chief-at-the-wrong-place-and-the-wrong-time/
882448377,20191026,201910,2019,,,COLOMBIA,COL,186,2,1,2,-1.31147540983606,CO,CO19,3.38463,-74.0442,389045,https://colombiareports.com/the-wrong-farc-chief-at-the-wrong-place-and-the-wrong-time/
730035191,20180211,201802,2018,CASTILLA,ESP,WORKER,,180,30,3,30,-8.48423757557941,CO,CO19,3.82845,-73.6799,-580099,http://news.trust.org/item/20180211202951-g6k74
730250635,20180212,201802,2018,CASTILLA,ESP,WORKER,,180,10,1,10,-9.16043879201084,CO,CO19,3.82845,-73.6799,-580099,https://www.epmag.com/colombias-ecopetrol-suspends-operations-three-oilfields-amid-protests-1683506
730035090,20180211,201802,2018,COLOMBIA,COL,,,194,60,3,60,-8.48423757557941,CO,CO19,3.82845,-73.6799,-580099,http://news.trust.org/item/20180211202951-g6k74
730035509,20180211,201802,2018,PROTESTER,,,,180,30,3,30,-8.48423757557941,CO,CO19,3.82845,-73.6799,-580099,http://news.trust.org/item/20180211202951-g6k74
730250363,20180212,201802,2018,COLOMBIA,COL,,,194,20,1,20,-9.16043879201084,CO,CO19,3.82845,-73.6799,-580099,https://www.epmag.com/colombias-ecopetrol-suspends-operations-three-oilfields-amid-protests-1683506
730251586,20180212,201802,2018,PROTESTER,,,,180,10,1,10,-9.16043879201084,CO,CO19,3.82845,-73.6799,-580099,https://www.epmag.com/colombias-ecopetrol-suspends-operations-three-oilfields-amid-protests-1683506
669690754,20170702,201707,2017,FARC,COL,ARMED BAND,,190,8,1,8,-3.93518518518518,CO,CO19,3.38463,-74.0442,389045,http://countervortex.org/node/15577
724093870,20180121,201801,2018,FARC,COL,THE UN,,190,20,1,20,-5.43933054393305,CO,CO19,3.38463,-74.0442,389045,http://countervortex.org/node/15813/
1131261708,20231005,202310,2023,UNITED STATES,USA,,,192,16,2,16,-4.1372351160444,CO,CO19,3.09447,-73.5813,10483256,https://www.fbherald.com/news/national/changing-course-homeland-security-to-construct-border-wall-in-rio-grande-valley/article_53f1fd41-465f-5801-b534-e972024ee2a3.html
951570194,20201013,202010,2020,COLOMBIA,COL,MADRID,ESP,193,2,1,2,0.0,CO,CO19,3.3342,-74.1409,10480380,https://variety.com/2020/film/global/yalitza-aparicio-daniela-vega-docu-series-1234803201/
936996898,20200724,202007,2020,MINIST OF JUSTICE,,,,1821,6,1,6,0.38277511961722,CO,CO19,3.24055,-74.3542,-600955,https://turkishpress.com/colombia-ex-farc-fighter-secures-lead-role-in-senate/
653588988,20170508,201705,2017,PARAMILITARY FORCE,,GUERRILLA,,190,10,1,10,0.53475935828877,CO,CO19,2.88915,-72.1256,6197118,https://www.dailysabah.com/americas/2017/05/08/colombia-government-eln-rebels-to-resume-peace-talks
1003778502,20210913,202109,2021,COLOMBIA,COL,CRIMINAL,,190,4,1,4,-5.56215039318101,CO,CO19,4.04481,-73.5944,10863802,https://www.theguardian.com/environment/2021/sep/13/murders-environment-land-defenders-record-high
1003818222,20210913,202109,2021,CRIMINAL,,COLOMBIA,COL,190,4,1,4,-3.16455696202532,CO,CO19,4.04481,-73.5944,10863802,https://www.theguardian.com/environment/2021/sep/13/colombia-12-year-old-eco-activist-refuses-to-let-death-threats-dim-passion-aoe
829617056,20190310,201903,2019,COLOMBIAN,COL,,,190,6,1,6,-7.47663551401869,CO,CO19,3.71161,-73.2434,-597350,https://www.thedailybeast.com/14-dead-after-plane-crash-in-colombia
829617057,20190310,201903,2019,COLOMBIAN,COL,REUTERS,USA,190,14,1,14,-7.47663551401869,CO,CO19,3.71161,-73.2434,-597350,https://www.thedailybeast.com/14-dead-after-plane-crash-in-colombia
840752948,20190425,201904,2019,BANDIT,,BARQUISIMETO,VEN,190,6,1,6,-7.52125572269457,CO,CO19,4.03554,-73.6068,10863798,http://www.bosnewslife.com/2019/01/08/40-catholic-missionaries-killed-worldwide-in-2018/
841640525,20190429,201904,2019,BANDIT,,BARQUISIMETO,VEN,190,6,1,6,-7.53110674525213,CO,CO19,4.03554,-73.6068,10863798,https://www.bosnewslife.com/2019/01/08/40-catholic-missionaries-killed-worldwide-in-2018/
584416794,20160930,201609,2016,FARC,COL,,,190,14,2,14,-1.15851759576456,CO,CO19,3.38463,-74.0442,389045,https://www.yahoo.com/news/former-farc-zones-colombians-hope-peace-grapple-over-155444508.html
584416795,20160930,201609,2016,FARC,COL,COLOMBIA,COL,190,6,2,6,-1.15851759576456,CO,CO19,3.38463,-74.0442,389045,https://www.yahoo.com/news/former-farc-zones-colombians-hope-peace-grapple-over-155444508.html
675040356,20170722,201707,2017,COLOMBIAN,COL,SAINT,,190,3,1,3,-3.49175557710961,CO,CO19,4.13916,-73.6011,11231632,http://stlouisreview.com/article/2017-07-14/nation-and-world
675041582,20170722,201707,2017,GUERRILLA,,COLOMBIA,COL,190,1,1,1,-3.49175557710961,CO,CO19,4.13916,-73.6011,11231632,http://stlouisreview.com/article/2017-07-14/nation-and-world
675041583,20170722,201707,2017,GUERRILLA,,COLOMBIA,COL,190,1,1,1,-3.49175557710961,CO,CO19,4.13916,-73.6011,11231632,http://stlouisreview.com/article/2017-07-14/nation-and-world
674295403,20170719,201707,2017,,,COLOMBIA,COL,186,1,1,1,0.18957345971564,CO,CO19,4.23161,-73.5079,10864086,https://knightcenter.utexas.edu/blog/00-18624-member-states-oas-pass-resolution-obligating-them-fight-violence-against-journalists-r
675039927,20170722,201707,2017,,,COLOMBIA,COL,190,1,1,1,-3.49175557710961,CO,CO19,4.13916,-73.6011,11231632,http://stlouisreview.com/article/2017-07-14/nation-and-world
674783768,20170721,201707,2017,THE UN,,,,186,20,1,20,-3.28525641025641,CO,CO19,3.38463,-74.0442,389045,http://www.wsws.org/en/articles/2017/07/21/farc-j21.html
679155735,20170806,201708,2017,UNITED STATES,USA,,,193,1,1,1,0.22522522522522,CO,CO19,2.4794,-73.8901,-588739,http://my.tvguide.co.uk/channellisting.asp?ch=407&cTime=8/7/2017&thisTime=&thisDay=
679168824,20170807,201708,2017,UNITED STATES,USA,,,193,19,1,19,0.22522522522522,CO,CO19,2.4794,-73.8901,-588739,http://my.tvguide.co.uk/channellisting.asp?ch=407&cTime=8/7/2017%202:00:00%20AM&thisTime=&thisDay=
974694217,20210316,202103,2021,FARC,COL,,,190,6,1,6,-1.90375462718139,CO,CO19,3.24055,-74.3542,-600955,https://morningstaronline.co.uk/article/f/return-war-and-rise-farc
974694218,20210316,202103,2021,FARC,COL,FARC,COL,190,3,1,3,-1.90375462718139,CO,CO19,3.24055,-74.3542,-600955,https://morningstaronline.co.uk/article/f/return-war-and-rise-farc
558509927,20160710,201607,2016,FARC,COL,COLOMBIAN,COL,190,6,1,6,-9.7560975609756,CO,CO19,3.24055,-74.3542,-600955,http://www.france24.com/en/20160711-farc-rebels-injured-combat-with-colombian-army-minister
558503724,20160710,201607,2016,FARC,COL,COLOMBIAN,COL,190,21,4,21,-9.91075636884974,CO,CO19,3.24055,-74.3542,-600955,http://indianexpress.com/article/world/world-news/farc-rebels-injured-in-combat-with-colombian-army-says-minister-2905930/
558503722,20160710,201607,2016,FARC,COL,COLOMBIAN,COL,190,14,4,14,-9.91075636884974,CO,CO19,3.24055,-74.3542,-600955,http://indianexpress.com/article/world/world-news/farc-rebels-injured-in-combat-with-colombian-army-says-minister-2905930/
558504084,20160710,201607,2016,GOVERNMENT FORCES,,FARC,COL,190,5,1,5,-9.39597315436237,CO,CO19,3.24055,-74.3542,-600955,http://indianexpress.com/article/world/world-news/farc-rebels-injured-in-combat-with-colombian-army-says-minister-2905930/
558509926,20160710,201607,2016,FARC,COL,COLOMBIAN,COL,190,4,1,4,-9.7560975609756,CO,CO19,3.24055,-74.3542,-600955,http://www.france24.com/en/20160711-farc-rebels-injured-combat-with-colombian-army-minister
754540063,20180509,201805,2018,,,COLOMBIA,COL,190,4,1,4,0.840840840840849,CO,CO19,3.07933,-73.7209,10483250,http://todaycolombia.com/greatest-colombian-food-rivalries-of-all-time/
754540464,20180509,201805,2018,COLOMBIA,COL,,,190,4,1,4,0.840840840840849,CO,CO19,3.07933,-73.7209,10483250,http://todaycolombia.com/greatest-colombian-food-rivalries-of-all-time/
905519589,20200212,202002,2020,POLICE,,,,191,5,1,5,-4.00400400400401,CO,CO19,4.23161,-73.5079,10864086,https://www.cityweekly.net/utah/birdbrained/Content?oid=14791756
883721631,20191101,201911,2019,COLOMBIA,COL,FARC,COL,190,6,1,6,-2.35478806907378,CO,CO19,3.38463,-74.0442,389045,http://www.latinamericanpost.com/30701-colombia-is-attacking-the-peace-agreement
883721632,20191101,201911,2019,COLOMBIA,COL,FARC,COL,190,1,1,1,-2.35478806907378,CO,CO19,3.38463,-74.0442,389045,http://www.latinamericanpost.com/30701-colombia-is-attacking-the-peace-agreement
884379208,20191105,201911,2019,COLOMBIA,COL,MESTIZO,,190,6,1,6,-5.81717451523546,CO,CO19,2.40861,-73.1163,8024429,https://www.plenglish.com/index.php?o=rn&id=48616&SEO=cric-confirms-new-attacks-against-indigenous-people-in-colombia
884381475,20191105,201911,2019,INDIGENOUS,,MESTIZO,,190,4,1,4,-5.81717451523546,CO,CO19,2.40861,-73.1163,8024429,https://www.plenglish.com/index.php?o=rn&id=48616&SEO=cric-confirms-new-attacks-against-indigenous-people-in-colombia
883721634,20191101,201911,2019,FARC,COL,,,180,4,1,4,-2.35478806907378,CO,CO19,3.38463,-74.0442,389045,http://www.latinamericanpost.com/30701-colombia-is-attacking-the-peace-agreement
994345683,20210710,202107,2021,COLOMBIAN,COL,,,190,10,1,10,-7.08661417322835,CO,CO19,3.38463,-74.0442,389045,https://riotimesonline.com/brazil-news/mercosur/colombia/four-members-of-a-land-restitution-commission-murdered-in-colombia/
994991362,20210714,202107,2021,POLICE,,,,193,3,1,3,-5.73294629898403,CO,CO19,4.08847,-73.5774,10864023,https://prensarural.org/spip/spip.php?article26964
994991325,20210714,202107,2021,COLOMBIA,COL,POLICE,,193,2,1,2,-5.73294629898403,CO,CO19,4.08847,-73.5774,10864023,https://prensarural.org/spip/spip.php?article26964
994991327,20210714,202107,2021,COLOMBIA,COL,COMMUNITY,,190,2,1,2,-5.73294629898403,CO,CO19,4.08847,-73.5774,10864023,https://prensarural.org/spip/spip.php?article26964
994991367,20210714,202107,2021,POLICE,,SOTO,,190,3,1,3,-5.73294629898403,CO,CO19,4.08847,-73.5774,10864023,https://prensarural.org/spip/spip.php?article26964
994991369,20210714,202107,2021,POLICE,,COLOMBIA,COL,190,1,1,1,-5.73294629898403,CO,CO19,4.08847,-73.5774,10864023,https://prensarural.org/spip/spip.php?article26964
994991370,20210714,202107,2021,POLICE,,COMMUNITY,,190,1,1,1,-5.73294629898403,CO,CO19,4.08847,-73.5774,10864023,https://prensarural.org/spip/spip.php?article26964
994991453,20210714,202107,2021,COMMUNITY,,COLOMBIA,COL,193,2,1,2,-5.73294629898403,CO,CO19,4.08847,-73.5774,10864023,https://prensarural.org/spip/spip.php?article26964
952680120,20201022,202010,2020,FARC,COL,COMBATANT,,190,10,1,10,-5.27472527472527,CO,CO19,3.38463,-74.0442,389045,https://www.france24.com/en/live-news/20201021-former-farc-rebels-march-on-colombian-capital-to-demand-protection
954052505,20191106,201911,2019,FARC,COL,COLOMBIA,COL,190,3,1,3,-2.39583333333333,CO,CO19,3.38463,-74.0442,389045,https://www.bbc.co.uk/news/world-latin-america-54778291
954052506,20191106,201911,2019,FARC,COL,FIGHTER,,193,2,1,2,-2.39583333333333,CO,CO19,3.38463,-74.0442,389045,https://www.bbc.co.uk/news/world-latin-america-54778291
954052523,20191106,201911,2019,FIGHTER,,FARC,COL,190,7,1,7,-2.39583333333333,CO,CO19,3.38463,-74.0442,389045,https://www.bbc.co.uk/news/world-latin-america-54778291
954052524,20191106,201911,2019,FIGHTER,,FARC,COL,193,3,1,3,-2.39583333333333,CO,CO19,3.38463,-74.0442,389045,https://www.bbc.co.uk/news/world-latin-america-54778291
954053949,20201105,202011,2020,THE UN,,FARC,COL,190,10,1,10,-2.39583333333333,CO,CO19,3.38463,-74.0442,389045,https://www.bbc.co.uk/news/world-latin-america-54778291
953560942,20201030,202010,2020,COLOMBIA,COL,,,186,2,1,2,0.3968253968254,CO,CO19,3.38463,-74.0442,389045,https://www.plenglish.com/index.php?o=rn&id=61336&SEO=former-guerrillas-will-arrive-in-colombias-capital-demanding-peace
949509342,20200930,202009,2020,COLOMBIAN,COL,,,180,2,1,2,-1.84049079754601,CO,CO19,4.0,-73.2333,-595811,https://www.fox5ny.com/news/woman-missing-for-2-years-found-alive-at-sea
949509343,20200930,202009,2020,COLOMBIAN,COL,,,180,3,1,3,-1.84049079754601,CO,CO19,4.0,-73.2333,-595811,https://www.fox5ny.com/news/woman-missing-for-2-years-found-alive-at-sea
949565223,20200930,202009,2020,COLOMBIA,COL,,,192,2,1,2,-1.89982728842832,CO,CO19,4.0,-73.2333,-595811,https://www.insideedition.com/fisherman-finds-woman-missing-for-2-years-alive-and-floating-at-sea-62150
810924525,20181218,201812,2018,COLOMBIAN,COL,COLOMBIA,COL,190,2,1,2,-5.90405904059041,CO,CO19,4.0,-73.3667,-589367,https://colombiareports.com/six-massacred-in-central-colombia-town-once-touted-as-rebirth-of-hope/
810887609,20181218,201812,2018,COLOMBIAN,COL,REUTERS,USA,193,5,1,5,-7.94392523364489,CO,CO19,2.88915,-72.1256,6197118,http://news.trust.org/item/20181218144043-udb4w
811349944,20181220,201812,2018,COLOMBIAN,COL,REUTERS,USA,193,5,1,5,-7.94392523364489,CO,CO19,2.88915,-72.1256,6197118,http://news.trust.org/item/20181218144043-udb4w/
811467601,20181220,201812,2018,AUTHORITIES,,COLOMBIA,COL,190,10,1,10,-8.21529745042493,CO,CO19,2.88915,-72.1256,6197118,https://colombiareports.com/ombudsman-says-he-warned-authorities-about-central-colombia-massacre-threats-in-august-already/
810924532,20181218,201812,2018,COLOMBIAN,COL,,,190,5,1,5,-5.90405904059041,CO,CO19,4.0,-73.3667,-589367,https://colombiareports.com/six-massacred-in-central-colombia-town-once-touted-as-rebirth-of-hope/
810887608,20181218,201812,2018,COLOMBIA,COL,,,190,80,5,80,-8.38196470352943,CO,CO19,2.88915,-72.1256,6197118,https://in.reuters.com/article/colombia-crime/colombia-massacre-leaves-6-dead-in-likely-drug-trafficking-battle-idINKBN1OH1L2
434950444,20150521,201505,2015,,,COLOMBIA,COL,190,39,3,30,-7.14485850378258,CO,CO19,4.0,-73.2333,-595811,http://www.china.org.cn/world/2015-05/21/content_35626614.htm
496331189,20151222,201512,2015,MEXICO,MEX,POLICE,,192,2,1,2,-5.68692008380724,CO,CO19,4.329,-72.8381,-590973,http://www.insightcrime.org/news-analysis/militias-in-mexico-citizens-security-or-further-conflict-escalation
562057219,20160721,201607,2016,FARC,COL,ARMY,,190,10,1,10,-4.29338103756708,CO,CO19,3.11667,-72.95,-579558,http://countervortex.org/node/14936
558518744,20160711,201607,2016,FARC,COL,COLOMBIAN,COL,190,24,4,24,-9.17104218441579,CO,CO19,3.24055,-74.3542,-600955,http://www.globalpost.com/article/6781657/2016/07/10/farc-rebels-injured-combat-colombian-army
558518743,20160711,201607,2016,FARC,COL,COLOMBIAN,COL,190,18,5,18,-9.15501556571446,CO,CO19,3.24055,-74.3542,-600955,http://www.globalpost.com/article/6781657/2016/07/10/farc-rebels-injured-combat-colombian-army
558563029,20160711,201607,2016,FARC,COL,GOVERNMENT FORCES,,190,5,1,5,-9.83606557377052,CO,CO19,3.24055,-74.3542,-600955,http://www.business-standard.com/article/international/farc-rebels-injured-in-combat-with-colombian-army-minister-116071100042_1.html
558563585,20160711,201607,2016,GOVERNMENT FORCES,,FARC,COL,190,5,1,5,-9.83606557377052,CO,CO19,3.24055,-74.3542,-600955,http://www.business-standard.com/article/international/farc-rebels-injured-in-combat-with-colombian-army-minister-116071100042_1.html
938304889,20200731,202007,2020,COMMUNITY,,COLOMBIA,COL,190,5,1,5,-7.20461095100865,CO,CO19,4.0,-73.2333,-595811,"http://en.ultimasnoticias.com.ve/news/world/They-denounce-a-new-massacre-against-peasants-in-Cordoba,-Colombia./"
938304886,20200731,202007,2020,COMMUNITY,,,,190,3,1,3,-7.20461095100865,CO,CO19,4.0,-73.2333,-595811,"http://en.ultimasnoticias.com.ve/news/world/They-denounce-a-new-massacre-against-peasants-in-Cordoba,-Colombia./"
762769593,20180608,201806,2018,AMERICAN,USA,JOURNALIST,,190,12,1,10,-5.02692998204668,CO,CO19,4.23161,-73.5079,10864086,https://cpj.org/2018/06/inter-american-court-of-human-rights-orders-colomb.php
762766914,20180608,201806,2018,,,GOVERNMENT,,190,4,1,4,-5.02692998204668,CO,CO19,4.23161,-73.5079,10864086,https://cpj.org/2018/06/inter-american-court-of-human-rights-orders-colomb.php